,TF_ID,Family_ID,TSource_ID,Motif_ID,MSource_ID,DBID,TF_Name,TF_Species,TF_Status,Family_Name,DBDs,DBD_Count,Cutoff,DBID.1,Motif_Type,MSource_Identifier,MSource_Type,MSource_Author,MSource_Year,PMID,MSource_Version,SR_Model,SR_NoThreshold,TfSource_Name,TfSource_URL,TfSource_Year,TfSource_Month,TfSource_Day
7,T010821_2.00,F024_2.00,TS12_2.00,M00111_2.00,MS02_2.00,ENSG00000008197,TFAP2D,Homo_sapiens,I,AP-2,TF_AP-2,1,0.7,Tcfap2a_2337,PBM,Badis09,PBM,Badis,2009,19443739,,SequenceIdentity,True,Ensembl,http://www.ensembl.org/,2018,Dec,8
47,T014545_2.00,F028_2.00,TS12_2.00,M01659_2.00,MS64_2.00,ENSG00000179361,ARID3B,Homo_sapiens,I,ARID/BRIGHT,ARID,1,0.422230966271411,pTH4425,PBM,Zoo_01,PBM,Weirauch,2014,25215497,,SimilarityRegression,False,Ensembl,http://www.ensembl.org/,2018,Dec,8
48,T014546_2.00,F028_2.00,TS12_2.00,M00116_2.00,MS02_2.00,ENSG00000196843,ARID5A,Homo_sapiens,I,ARID/BRIGHT,ARID,1,0.422230966271411,Arid5a_3770,PBM,Badis09,PBM,Badis,2009,19443739,,SimilarityRegression,False,Ensembl,http://www.ensembl.org/,2018,Dec,8
49,T014547_2.00,F028_2.00,TS12_2.00,M00115_2.00,MS02_2.00,ENSG00000205143,ARID3C,Homo_sapiens,I,ARID/BRIGHT,ARID,1,0.422230966271411,Arid3a_3875,PBM,Badis09,PBM,Badis,2009,19443739,,SimilarityRegression,False,Ensembl,http://www.ensembl.org/,2018,Dec,8
197,T034271_2.00,F082_2.00,TS12_2.00,M01113_2.00,MS57_2.00,ENSG00000120669,SOHLH2,Homo_sapiens,D,bHLH,HLH,1,0.837833807768996,pTH11270,PBM,TF_Evolution,PBM,Lambert,2019,,,SimilarityRegression,False,Ensembl,http://www.ensembl.org/,2018,Dec,8
232,T034282_2.00,F082_2.00,TS12_2.00,M00938_2.00,MS24_2.00,ENSG00000125952,MAX,Homo_sapiens,D,bHLH,HLH,1,0.837833807768996,Max_L,PBM,Guo2014,PBM,Guo,2014,25287278,,SimilarityRegression,False,Ensembl,http://www.ensembl.org/,2018,Dec,8
233,T034282_2.00,F082_2.00,TS12_2.00,M01497_2.00,MS61_2.00,ENSG00000125952,MAX,Homo_sapiens,D,bHLH,HLH,1,0.837833807768996,MAX_5mCG,PBM,Yin2017b,PBM,Yin,2017b,28473536,,SimilarityRegression,False,Ensembl,http://www.ensembl.org/,2018,Dec,8
234,T034282_2.00,F082_2.00,TS12_2.00,M01498_2.00,MS61_2.00,ENSG00000125952,MAX,Homo_sapiens,D,bHLH,HLH,1,0.837833807768996,MAX_Cytosine,PBM,Yin2017b,PBM,Yin,2017b,28473536,,SimilarityRegression,False,Ensembl,http://www.ensembl.org/,2018,Dec,8
371,T034304_2.00,F082_2.00,TS12_2.00,M01722_2.00,MS64_2.00,ENSG00000163909,HEYL,Homo_sapiens,I,bHLH,HLH,1,0.837833807768996,pTH5102,PBM,Zoo_01,PBM,Weirauch,2014,25215497,,SimilarityRegression,False,Ensembl,http://www.ensembl.org/,2018,Dec,8
409,T034319_2.00,F082_2.00,TS12_2.00,M01743_2.00,MS64_2.00,ENSG00000175727,MLXIP,Homo_sapiens,I,bHLH,HLH,1,0.837833807768996,pTH5466,PBM,Zoo_01,PBM,Weirauch,2014,25215497,,SimilarityRegression,False,Ensembl,http://www.ensembl.org/,2018,Dec,8
474,T034339_2.00,F082_2.00,TS12_2.00,M01726_2.00,MS64_2.00,ENSG00000188290,HES4,Homo_sapiens,I,bHLH,HLH,1,0.837833807768996,pTH5059,PBM,Zoo_01,PBM,Weirauch,2014,25215497,,SimilarityRegression,False,Ensembl,http://www.ensembl.org/,2018,Dec,8
507,T034347_2.00,F082_2.00,TS12_2.00,M01718_2.00,MS64_2.00,ENSG00000233608,TWIST2,Homo_sapiens,I,bHLH,HLH,1,0.837833807768996,pTH5033,PBM,Zoo_01,PBM,Weirauch,2014,25215497,,SimilarityRegression,False,Ensembl,http://www.ensembl.org/,2018,Dec,8
508,T034348_2.00,F082_2.00,TS12_2.00,M01113_2.00,MS57_2.00,ENSG00000250709,CCDC169-SOHLH2,Homo_sapiens,I,bHLH,HLH,1,0.837833807768996,pTH11270,PBM,TF_Evolution,PBM,Lambert,2019,,,SimilarityRegression,False,Ensembl,http://www.ensembl.org/,2018,Dec,8
514,T055569_2.00,F088_2.00,TS12_2.00,M01131_2.00,MS57_2.00,ENSG00000143157,POGK,Homo_sapiens,I,Brinker,BrkDBD,1,0.7,pTH9755,PBM,TF_Evolution,PBM,Lambert,2019,,,SequenceIdentity,True,Ensembl,http://www.ensembl.org/,2018,Dec,8
694,T059742_2.00,F091_2.00,TS12_2.00,M01813_2.00,MS64_2.00,ENSG00000137504,CREBZF,Homo_sapiens,I,bZIP,bZIP_1,1,0.7817561867494799,pTH5459,PBM,Zoo_01,PBM,Weirauch,2014,25215497,,SimilarityRegression,False,Ensembl,http://www.ensembl.org/,2018,Dec,8
876,T059762_2.00,F091_2.00,TS12_2.00,M01812_2.00,MS64_2.00,ENSG00000182158,CREB3L2,Homo_sapiens,I,bZIP,bZIP_1,1,0.7817561867494799,pTH5024,PBM,Zoo_01,PBM,Weirauch,2014,25215497,,SimilarityRegression,False,Ensembl,http://www.ensembl.org/,2018,Dec,8
961,T075852_2.00,F116_2.00,TS12_2.00,M01849_2.00,MS64_2.00,ENSG00000140836,ZFHX3,Homo_sapiens,D,"C2H2 ZF,Homeodomain","zf-C2H2,Homeobox",2,0.7,pTH6494,PBM,Zoo_01,PBM,Weirauch,2014,25215497,,SequenceIdentity,True,Ensembl,http://www.ensembl.org/,2018,Dec,8
975,T076454_2.00,F119_2.00,TS12_2.00,M01165_2.00,MS57_2.00,ENSG00000140265,ZSCAN29,Homo_sapiens,D,"C2H2 ZF,MADF","zf-C2H2,MADF_DNA_bdg",2,0.7,pTH11268,PBM,TF_Evolution,PBM,Lambert,2019,,,SequenceIdentity,True,Ensembl,http://www.ensembl.org/,2018,Dec,8
995,T094778_2.00,F135_2.00,TS12_2.00,M00217_2.00,MS04_2.00,ENSG00000010539,ZNF200,Homo_sapiens,D,C2H2 ZF,zf-C2H2,1,0.7554544955391291,ZNF200_H322Y,PBM,Barrera2016,PBM,Barrera,2016,27013732,,SimilarityRegression,False,Ensembl,http://www.ensembl.org/,2018,Dec,8
996,T094778_2.00,F135_2.00,TS12_2.00,M00218_2.00,MS04_2.00,ENSG00000010539,ZNF200,Homo_sapiens,D,C2H2 ZF,zf-C2H2,1,0.7554544955391291,ZNF200_REF,PBM,Barrera2016,PBM,Barrera,2016,27013732,,SimilarityRegression,False,Ensembl,http://www.ensembl.org/,2018,Dec,8
997,T094778_2.00,F135_2.00,TS12_2.00,M00219_2.00,MS04_2.00,ENSG00000010539,ZNF200,Homo_sapiens,D,C2H2 ZF,zf-C2H2,1,0.7554544955391291,ZNF200_S265Y,PBM,Barrera2016,PBM,Barrera,2016,27013732,,SimilarityRegression,False,Ensembl,http://www.ensembl.org/,2018,Dec,8
1008,T094783_2.00,F135_2.00,TS12_2.00,M00220_2.00,MS04_2.00,ENSG00000019549,SNAI2,Homo_sapiens,D,C2H2 ZF,zf-C2H2,1,0.7554544955391291,SNAI2_D119E,PBM,Barrera2016,PBM,Barrera,2016,27013732,,SimilarityRegression,False,Ensembl,http://www.ensembl.org/,2018,Dec,8
1009,T094783_2.00,F135_2.00,TS12_2.00,M00221_2.00,MS04_2.00,ENSG00000019549,SNAI2,Homo_sapiens,D,C2H2 ZF,zf-C2H2,1,0.7554544955391291,SNAI2_REF,PBM,Barrera2016,PBM,Barrera,2016,27013732,,SimilarityRegression,False,Ensembl,http://www.ensembl.org/,2018,Dec,8
1010,T094783_2.00,F135_2.00,TS12_2.00,M00222_2.00,MS04_2.00,ENSG00000019549,SNAI2,Homo_sapiens,D,C2H2 ZF,zf-C2H2,1,0.7554544955391291,SNAI2_T234I,PBM,Barrera2016,PBM,Barrera,2016,27013732,,SimilarityRegression,False,Ensembl,http://www.ensembl.org/,2018,Dec,8
1276,T094840_2.00,F135_2.00,TS12_2.00,M00223_2.00,MS04_2.00,ENSG00000105610,KLF1,Homo_sapiens,D,C2H2 ZF,zf-C2H2,1,0.7554544955391291,KLF1_E325K,PBM,Barrera2016,PBM,Barrera,2016,27013732,,SimilarityRegression,False,Ensembl,http://www.ensembl.org/,2018,Dec,8
1277,T094840_2.00,F135_2.00,TS12_2.00,M00224_2.00,MS04_2.00,ENSG00000105610,KLF1,Homo_sapiens,D,C2H2 ZF,zf-C2H2,1,0.7554544955391291,KLF1_H299Y,PBM,Barrera2016,PBM,Barrera,2016,27013732,,SimilarityRegression,False,Ensembl,http://www.ensembl.org/,2018,Dec,8
1278,T094840_2.00,F135_2.00,TS12_2.00,M00225_2.00,MS04_2.00,ENSG00000105610,KLF1,Homo_sapiens,D,C2H2 ZF,zf-C2H2,1,0.7554544955391291,KLF1_R328H,PBM,Barrera2016,PBM,Barrera,2016,27013732,,SimilarityRegression,False,Ensembl,http://www.ensembl.org/,2018,Dec,8
1279,T094840_2.00,F135_2.00,TS12_2.00,M00226_2.00,MS04_2.00,ENSG00000105610,KLF1,Homo_sapiens,D,C2H2 ZF,zf-C2H2,1,0.7554544955391291,KLF1_REF,PBM,Barrera2016,PBM,Barrera,2016,27013732,,SimilarityRegression,False,Ensembl,http://www.ensembl.org/,2018,Dec,8
1328,T094856_2.00,F135_2.00,TS12_2.00,M00227_2.00,MS04_2.00,ENSG00000113916,BCL6,Homo_sapiens,D,C2H2 ZF,zf-C2H2,1,0.7554544955391291,BCL6_H676Y,PBM,Barrera2016,PBM,Barrera,2016,27013732,,SimilarityRegression,False,Ensembl,http://www.ensembl.org/,2018,Dec,8
1329,T094856_2.00,F135_2.00,TS12_2.00,M00228_2.00,MS04_2.00,ENSG00000113916,BCL6,Homo_sapiens,D,C2H2 ZF,zf-C2H2,1,0.7554544955391291,BCL6_REF,PBM,Barrera2016,PBM,Barrera,2016,27013732,,SimilarityRegression,False,Ensembl,http://www.ensembl.org/,2018,Dec,8
1352,T094865_2.00,F135_2.00,TS12_2.00,M00130_2.00,MS02_2.00,ENSG00000118495,PLAGL1,Homo_sapiens,I,C2H2 ZF,zf-C2H2,1,0.7554544955391291,Plagl1_0972,PBM,Badis09,PBM,Badis,2009,19443739,,SimilarityRegression,False,Ensembl,http://www.ensembl.org/,2018,Dec,8
1367,T094871_2.00,F135_2.00,TS12_2.00,M00983_2.00,MS39_2.00,ENSG00000119866,BCL11A,Homo_sapiens,D,C2H2 ZF,zf-C2H2,1,0.7554544955391291,BCL11A_23,PBM,Liu2018,PBM,Liu,2018,29606353,,SimilarityRegression,False,Ensembl,http://www.ensembl.org/,2018,Dec,8
1368,T094871_2.00,F135_2.00,TS12_2.00,M00984_2.00,MS39_2.00,ENSG00000119866,BCL11A,Homo_sapiens,D,C2H2 ZF,zf-C2H2,1,0.7554544955391291,BCL11A_456,PBM,Liu2018,PBM,Liu,2018,29606353,,SimilarityRegression,False,Ensembl,http://www.ensembl.org/,2018,Dec,8
1369,T094871_2.00,F135_2.00,TS12_2.00,M00985_2.00,MS39_2.00,ENSG00000119866,BCL11A,Homo_sapiens,D,C2H2 ZF,zf-C2H2,1,0.7554544955391291,BCL11A_XL,PBM,Liu2018,PBM,Liu,2018,29606353,,SimilarityRegression,False,Ensembl,http://www.ensembl.org/,2018,Dec,8
1402,T094882_2.00,F135_2.00,TS12_2.00,M00229_2.00,MS04_2.00,ENSG00000122877,EGR2,Homo_sapiens,D,C2H2 ZF,zf-C2H2,1,0.7554544955391291,EGR2_D383Y,PBM,Barrera2016,PBM,Barrera,2016,27013732,,SimilarityRegression,False,Ensembl,http://www.ensembl.org/,2018,Dec,8
1403,T094882_2.00,F135_2.00,TS12_2.00,M00230_2.00,MS04_2.00,ENSG00000122877,EGR2,Homo_sapiens,D,C2H2 ZF,zf-C2H2,1,0.7554544955391291,EGR2_E412K,PBM,Barrera2016,PBM,Barrera,2016,27013732,,SimilarityRegression,False,Ensembl,http://www.ensembl.org/,2018,Dec,8
1404,T094882_2.00,F135_2.00,TS12_2.00,M00231_2.00,MS04_2.00,ENSG00000122877,EGR2,Homo_sapiens,D,C2H2 ZF,zf-C2H2,1,0.7554544955391291,EGR2_R359W,PBM,Barrera2016,PBM,Barrera,2016,27013732,,SimilarityRegression,False,Ensembl,http://www.ensembl.org/,2018,Dec,8
1405,T094882_2.00,F135_2.00,TS12_2.00,M00232_2.00,MS04_2.00,ENSG00000122877,EGR2,Homo_sapiens,D,C2H2 ZF,zf-C2H2,1,0.7554544955391291,EGR2_R409W,PBM,Barrera2016,PBM,Barrera,2016,27013732,,SimilarityRegression,False,Ensembl,http://www.ensembl.org/,2018,Dec,8
1406,T094882_2.00,F135_2.00,TS12_2.00,M00233_2.00,MS04_2.00,ENSG00000122877,EGR2,Homo_sapiens,D,C2H2 ZF,zf-C2H2,1,0.7554544955391291,EGR2_REF,PBM,Barrera2016,PBM,Barrera,2016,27013732,,SimilarityRegression,False,Ensembl,http://www.ensembl.org/,2018,Dec,8
1444,T094895_2.00,F135_2.00,TS12_2.00,M00234_2.00,MS04_2.00,ENSG00000125850,OVOL2,Homo_sapiens,D,C2H2 ZF,zf-C2H2,1,0.7554544955391291,OVOL2_D228E,PBM,Barrera2016,PBM,Barrera,2016,27013732,,SimilarityRegression,False,Ensembl,http://www.ensembl.org/,2018,Dec,8
1445,T094895_2.00,F135_2.00,TS12_2.00,M00235_2.00,MS04_2.00,ENSG00000125850,OVOL2,Homo_sapiens,D,C2H2 ZF,zf-C2H2,1,0.7554544955391291,OVOL2_REF,PBM,Barrera2016,PBM,Barrera,2016,27013732,,SimilarityRegression,False,Ensembl,http://www.ensembl.org/,2018,Dec,8
1453,T094897_2.00,F135_2.00,TS12_2.00,M01171_2.00,MS57_2.00,ENSG00000126003,PLAGL2,Homo_sapiens,D,C2H2 ZF,zf-C2H2,1,0.7554544955391291,pTH11214,PBM,TF_Evolution,PBM,Lambert,2019,,,SimilarityRegression,False,Ensembl,http://www.ensembl.org/,2018,Dec,8
1464,T094900_2.00,F135_2.00,TS12_2.00,M00775_2.00,MS17_2.00,ENSG00000126804,ZBTB1,Homo_sapiens,I,C2H2 ZF,zf-C2H2,1,0.7554544955391291,pTH2366,PBM,DREAM_contest,PBM,Weirauch,2013,23354101,,SimilarityRegression,False,Ensembl,http://www.ensembl.org/,2018,Dec,8
1467,T094903_2.00,F135_2.00,TS12_2.00,M00986_2.00,MS39_2.00,ENSG00000127152,BCL11B,Homo_sapiens,D,C2H2 ZF,zf-C2H2,1,0.7554544955391291,BCL11B_23,PBM,Liu2018,PBM,Liu,2018,29606353,,SimilarityRegression,False,Ensembl,http://www.ensembl.org/,2018,Dec,8
1468,T094903_2.00,F135_2.00,TS12_2.00,M00987_2.00,MS39_2.00,ENSG00000127152,BCL11B,Homo_sapiens,D,C2H2 ZF,zf-C2H2,1,0.7554544955391291,BCL11B_456,PBM,Liu2018,PBM,Liu,2018,29606353,,SimilarityRegression,False,Ensembl,http://www.ensembl.org/,2018,Dec,8
1469,T094903_2.00,F135_2.00,TS12_2.00,M00988_2.00,MS39_2.00,ENSG00000127152,BCL11B,Homo_sapiens,D,C2H2 ZF,zf-C2H2,1,0.7554544955391291,BCL11B_XL,PBM,Liu2018,PBM,Liu,2018,29606353,,SimilarityRegression,False,Ensembl,http://www.ensembl.org/,2018,Dec,8
1517,T094931_2.00,F135_2.00,TS12_2.00,M01172_2.00,MS57_2.00,ENSG00000136451,VEZF1,Homo_sapiens,D,C2H2 ZF,zf-C2H2,1,0.7554544955391291,pTH11265,PBM,TF_Evolution,PBM,Lambert,2019,,,SimilarityRegression,False,Ensembl,http://www.ensembl.org/,2018,Dec,8
1678,T095016_2.00,F135_2.00,TS12_2.00,M00236_2.00,MS04_2.00,ENSG00000162676,GFI1,Homo_sapiens,D,C2H2 ZF,zf-C2H2,1,0.7554544955391291,GFI1_L400F,PBM,Barrera2016,PBM,Barrera,2016,27013732,,SimilarityRegression,False,Ensembl,http://www.ensembl.org/,2018,Dec,8
1679,T095016_2.00,F135_2.00,TS12_2.00,M00237_2.00,MS04_2.00,ENSG00000162676,GFI1,Homo_sapiens,D,C2H2 ZF,zf-C2H2,1,0.7554544955391291,GFI1_N382S,PBM,Barrera2016,PBM,Barrera,2016,27013732,,SimilarityRegression,False,Ensembl,http://www.ensembl.org/,2018,Dec,8
1680,T095016_2.00,F135_2.00,TS12_2.00,M00238_2.00,MS04_2.00,ENSG00000162676,GFI1,Homo_sapiens,D,C2H2 ZF,zf-C2H2,1,0.7554544955391291,GFI1_REF,PBM,Barrera2016,PBM,Barrera,2016,27013732,,SimilarityRegression,False,Ensembl,http://www.ensembl.org/,2018,Dec,8
1704,T095023_2.00,F135_2.00,TS12_2.00,M00142_2.00,MS02_2.00,ENSG00000164011,ZNF691,Homo_sapiens,I,C2H2 ZF,zf-C2H2,1,0.7554544955391291,Zfp691_0895,PBM,Badis09,PBM,Badis,2009,19443739,,SimilarityRegression,False,Ensembl,http://www.ensembl.org/,2018,Dec,8
1723,T095034_2.00,F135_2.00,TS12_2.00,M00239_2.00,MS04_2.00,ENSG00000165702,GFI1B,Homo_sapiens,D,C2H2 ZF,zf-C2H2,1,0.7554544955391291,GFI1B_A204T,PBM,Barrera2016,PBM,Barrera,2016,27013732,,SimilarityRegression,False,Ensembl,http://www.ensembl.org/,2018,Dec,8
1724,T095034_2.00,F135_2.00,TS12_2.00,M00240_2.00,MS04_2.00,ENSG00000165702,GFI1B,Homo_sapiens,D,C2H2 ZF,zf-C2H2,1,0.7554544955391291,GFI1B_REF,PBM,Barrera2016,PBM,Barrera,2016,27013732,,SimilarityRegression,False,Ensembl,http://www.ensembl.org/,2018,Dec,8
1874,T095116_2.00,F135_2.00,TS12_2.00,M00241_2.00,MS04_2.00,ENSG00000172059,KLF11,Homo_sapiens,D,C2H2 ZF,zf-C2H2,1,0.7554544955391291,KLF11_R402Q,PBM,Barrera2016,PBM,Barrera,2016,27013732,,SimilarityRegression,False,Ensembl,http://www.ensembl.org/,2018,Dec,8
1875,T095116_2.00,F135_2.00,TS12_2.00,M00242_2.00,MS04_2.00,ENSG00000172059,KLF11,Homo_sapiens,D,C2H2 ZF,zf-C2H2,1,0.7554544955391291,KLF11_REF,PBM,Barrera2016,PBM,Barrera,2016,27013732,,SimilarityRegression,False,Ensembl,http://www.ensembl.org/,2018,Dec,8
2105,T095226_2.00,F135_2.00,TS12_2.00,M00243_2.00,MS04_2.00,ENSG00000184937,WT1,Homo_sapiens,D,C2H2 ZF,zf-C2H2,1,0.7554544955391291,WT1_F392L,PBM,Barrera2016,PBM,Barrera,2016,27013732,,SimilarityRegression,False,Ensembl,http://www.ensembl.org/,2018,Dec,8
2106,T095226_2.00,F135_2.00,TS12_2.00,M00244_2.00,MS04_2.00,ENSG00000184937,WT1,Homo_sapiens,D,C2H2 ZF,zf-C2H2,1,0.7554544955391291,WT1_H373Y,PBM,Barrera2016,PBM,Barrera,2016,27013732,,SimilarityRegression,False,Ensembl,http://www.ensembl.org/,2018,Dec,8
2107,T095226_2.00,F135_2.00,TS12_2.00,M00245_2.00,MS04_2.00,ENSG00000184937,WT1,Homo_sapiens,D,C2H2 ZF,zf-C2H2,1,0.7554544955391291,WT1_R366C,PBM,Barrera2016,PBM,Barrera,2016,27013732,,SimilarityRegression,False,Ensembl,http://www.ensembl.org/,2018,Dec,8
2108,T095226_2.00,F135_2.00,TS12_2.00,M00246_2.00,MS04_2.00,ENSG00000184937,WT1,Homo_sapiens,D,C2H2 ZF,zf-C2H2,1,0.7554544955391291,WT1_R366L,PBM,Barrera2016,PBM,Barrera,2016,27013732,,SimilarityRegression,False,Ensembl,http://www.ensembl.org/,2018,Dec,8
2109,T095226_2.00,F135_2.00,TS12_2.00,M00247_2.00,MS04_2.00,ENSG00000184937,WT1,Homo_sapiens,D,C2H2 ZF,zf-C2H2,1,0.7554544955391291,WT1_R394L,PBM,Barrera2016,PBM,Barrera,2016,27013732,,SimilarityRegression,False,Ensembl,http://www.ensembl.org/,2018,Dec,8
2110,T095226_2.00,F135_2.00,TS12_2.00,M00248_2.00,MS04_2.00,ENSG00000184937,WT1,Homo_sapiens,D,C2H2 ZF,zf-C2H2,1,0.7554544955391291,WT1_R394W,PBM,Barrera2016,PBM,Barrera,2016,27013732,,SimilarityRegression,False,Ensembl,http://www.ensembl.org/,2018,Dec,8
2111,T095226_2.00,F135_2.00,TS12_2.00,M00249_2.00,MS04_2.00,ENSG00000184937,WT1,Homo_sapiens,D,C2H2 ZF,zf-C2H2,1,0.7554544955391291,WT1_REF,PBM,Barrera2016,PBM,Barrera,2016,27013732,,SimilarityRegression,False,Ensembl,http://www.ensembl.org/,2018,Dec,8
2139,T095235_2.00,F135_2.00,TS12_2.00,M00152_2.00,MS02_2.00,ENSG00000185670,ZBTB3,Homo_sapiens,I,C2H2 ZF,zf-C2H2,1,0.7554544955391291,Zbtb3_1048,PBM,Badis09,PBM,Badis,2009,19443739,,SimilarityRegression,False,Ensembl,http://www.ensembl.org/,2018,Dec,8
2227,T095293_2.00,F135_2.00,TS12_2.00,M01173_2.00,MS57_2.00,ENSG00000196323,ZBTB44,Homo_sapiens,D,C2H2 ZF,zf-C2H2,1,0.7554544955391291,pTH11223,PBM,TF_Evolution,PBM,Lambert,2019,,,SimilarityRegression,False,Ensembl,http://www.ensembl.org/,2018,Dec,8
2294,T095341_2.00,F135_2.00,TS12_2.00,M00250_2.00,MS04_2.00,ENSG00000197343,ZNF655,Homo_sapiens,D,C2H2 ZF,zf-C2H2,1,0.7554544955391291,ZNF655_E327G,PBM,Barrera2016,PBM,Barrera,2016,27013732,,SimilarityRegression,False,Ensembl,http://www.ensembl.org/,2018,Dec,8
2295,T095341_2.00,F135_2.00,TS12_2.00,M00251_2.00,MS04_2.00,ENSG00000197343,ZNF655,Homo_sapiens,D,C2H2 ZF,zf-C2H2,1,0.7554544955391291,ZNF655_REF,PBM,Barrera2016,PBM,Barrera,2016,27013732,,SimilarityRegression,False,Ensembl,http://www.ensembl.org/,2018,Dec,8
2296,T095341_2.00,F135_2.00,TS12_2.00,M00252_2.00,MS04_2.00,ENSG00000197343,ZNF655,Homo_sapiens,D,C2H2 ZF,zf-C2H2,1,0.7554544955391291,ZNF655_S393L,PBM,Barrera2016,PBM,Barrera,2016,27013732,,SimilarityRegression,False,Ensembl,http://www.ensembl.org/,2018,Dec,8
2525,T159006_2.00,F137_2.00,TS12_2.00,M00650_2.00,MS10_2.00,ENSG00000147488,ST18,Homo_sapiens,I,C2HC ZF,zf-C2HC,1,0.7,pTH9925,PBM,CEPD,PBM,Narasimhan,2015,25905672,,SequenceIdentity,True,Ensembl,http://www.ensembl.org/,2018,Dec,8
2528,T159009_2.00,F137_2.00,TS12_2.00,M00650_2.00,MS10_2.00,ENSG00000186487,MYT1L,Homo_sapiens,I,C2HC ZF,zf-C2HC,1,0.7,pTH9925,PBM,CEPD,PBM,Narasimhan,2015,25905672,,SequenceIdentity,True,Ensembl,http://www.ensembl.org/,2018,Dec,8
2542,T161468_2.00,F141_2.00,TS12_2.00,M01205_2.00,MS57_2.00,ENSG00000164296,TIGD6,Homo_sapiens,I,CENPB,CENP-B_N,1,0.7,pTH11462,PBM,TF_Evolution,PBM,Lambert,2019,,,SequenceIdentity,True,Ensembl,http://www.ensembl.org/,2018,Dec,8
2545,T161471_2.00,F141_2.00,TS12_2.00,M01203_2.00,MS57_2.00,ENSG00000177946,CENPBD1,Homo_sapiens,D,CENPB,CENP-B_N,1,0.7,pTH11233,PBM,TF_Evolution,PBM,Lambert,2019,,,SequenceIdentity,True,Ensembl,http://www.ensembl.org/,2018,Dec,8
2547,T161473_2.00,F141_2.00,TS12_2.00,M01206_2.00,MS57_2.00,ENSG00000180346,TIGD2,Homo_sapiens,I,CENPB,CENP-B_N,1,0.7,pTH11439,PBM,TF_Evolution,PBM,Lambert,2019,,,SequenceIdentity,True,Ensembl,http://www.ensembl.org/,2018,Dec,8
2548,T161474_2.00,F141_2.00,TS12_2.00,M01206_2.00,MS57_2.00,ENSG00000183340,JRKL,Homo_sapiens,I,CENPB,CENP-B_N,1,0.7,pTH11439,PBM,TF_Evolution,PBM,Lambert,2019,,,SequenceIdentity,True,Ensembl,http://www.ensembl.org/,2018,Dec,8
2549,T161475_2.00,F141_2.00,TS12_2.00,M01204_2.00,MS57_2.00,ENSG00000221944,TIGD1,Homo_sapiens,D,CENPB,CENP-B_N,1,0.7,pTH11227,PBM,TF_Evolution,PBM,Lambert,2019,,,SequenceIdentity,True,Ensembl,http://www.ensembl.org/,2018,Dec,8
2563,T166060_2.00,F161_2.00,TS12_2.00,M00735_2.00,MS14_2.00,ENSG00000168214,RBPJ,Homo_sapiens,D,CSL,LAG1-DNAbind,1,0.7,GST-CSL_Fig2,PBM,DelBianco2010,PBM,DelBianco,2010,21124806,,SequenceIdentity,True,Ensembl,http://www.ensembl.org/,2018,Dec,8
2564,T166060_2.00,F161_2.00,TS12_2.00,M00736_2.00,MS14_2.00,ENSG00000168214,RBPJ,Homo_sapiens,D,CSL,LAG1-DNAbind,1,0.7,GST-CSL_Fig4,PBM,DelBianco2010,PBM,DelBianco,2010,21124806,,SequenceIdentity,True,Ensembl,http://www.ensembl.org/,2018,Dec,8
2565,T166060_2.00,F161_2.00,TS12_2.00,M00737_2.00,MS14_2.00,ENSG00000168214,RBPJ,Homo_sapiens,D,CSL,LAG1-DNAbind,1,0.7,GST-CSL-NOTCH1,PBM,DelBianco2010,PBM,DelBianco,2010,21124806,,SequenceIdentity,True,Ensembl,http://www.ensembl.org/,2018,Dec,8
2566,T166060_2.00,F161_2.00,TS12_2.00,M00738_2.00,MS14_2.00,ENSG00000168214,RBPJ,Homo_sapiens,D,CSL,LAG1-DNAbind,1,0.7,GST-NOTCH1_CSL-6His_MAML1,PBM,DelBianco2010,PBM,DelBianco,2010,21124806,,SequenceIdentity,True,Ensembl,http://www.ensembl.org/,2018,Dec,8
2567,T166060_2.00,F161_2.00,TS12_2.00,M00739_2.00,MS14_2.00,ENSG00000168214,RBPJ,Homo_sapiens,D,CSL,LAG1-DNAbind,1,0.7,GST-NOTCH1_CSL-6His,PBM,DelBianco2010,PBM,DelBianco,2010,21124806,,SequenceIdentity,True,Ensembl,http://www.ensembl.org/,2018,Dec,8
2568,T166060_2.00,F161_2.00,TS12_2.00,M00740_2.00,MS14_2.00,ENSG00000168214,RBPJ,Homo_sapiens,D,CSL,LAG1-DNAbind,1,0.7,GST-NOTCH1_Fig2,PBM,DelBianco2010,PBM,DelBianco,2010,21124806,,SequenceIdentity,True,Ensembl,http://www.ensembl.org/,2018,Dec,8
2569,T166060_2.00,F161_2.00,TS12_2.00,M00741_2.00,MS14_2.00,ENSG00000168214,RBPJ,Homo_sapiens,D,CSL,LAG1-DNAbind,1,0.7,MAML1-CSL-GST-NOTCH1_Fig2,PBM,DelBianco2010,PBM,DelBianco,2010,21124806,,SequenceIdentity,True,Ensembl,http://www.ensembl.org/,2018,Dec,8
2570,T166060_2.00,F161_2.00,TS12_2.00,M00742_2.00,MS14_2.00,ENSG00000168214,RBPJ,Homo_sapiens,D,CSL,LAG1-DNAbind,1,0.7,MAML1-CSL-GST-NOTCH1_Fig5,PBM,DelBianco2010,PBM,DelBianco,2010,21124806,,SequenceIdentity,True,Ensembl,http://www.ensembl.org/,2018,Dec,8
2575,T167057_2.00,F164_2.00,TS12_2.00,M01499_2.00,MS61_2.00,ENSG00000111249,CUX2,Homo_sapiens,D,"CUT,Homeodomain","CUT,Homeobox",2,0.7,CUX2_5mCG,PBM,Yin2017b,PBM,Yin,2017b,28473536,,SequenceIdentity,True,Ensembl,http://www.ensembl.org/,2018,Dec,8
2576,T167057_2.00,F164_2.00,TS12_2.00,M01500_2.00,MS61_2.00,ENSG00000111249,CUX2,Homo_sapiens,D,"CUT,Homeodomain","CUT,Homeobox",2,0.7,CUX2_Cytosine,PBM,Yin2017b,PBM,Yin,2017b,28473536,,SequenceIdentity,True,Ensembl,http://www.ensembl.org/,2018,Dec,8
2606,T167063_2.00,F164_2.00,TS12_2.00,M01501_2.00,MS61_2.00,ENSG00000257923,CUX1,Homo_sapiens,D,"CUT,Homeodomain","CUT,Homeobox",2,0.7,CUX1_5mCG,PBM,Yin2017b,PBM,Yin,2017b,28473536,,SequenceIdentity,True,Ensembl,http://www.ensembl.org/,2018,Dec,8
2607,T167063_2.00,F164_2.00,TS12_2.00,M01502_2.00,MS61_2.00,ENSG00000257923,CUX1,Homo_sapiens,D,"CUT,Homeodomain","CUT,Homeobox",2,0.7,CUX1_Cytosine,PBM,Yin2017b,PBM,Yin,2017b,28473536,,SequenceIdentity,True,Ensembl,http://www.ensembl.org/,2018,Dec,8
2621,T167980_2.00,F169_2.00,TS12_2.00,M01911_2.00,MS64_2.00,ENSG00000089094,KDM2B,Homo_sapiens,D,CxxC,zf-CXXC,1,0.7,pTH9191,PBM,Zoo_01,PBM,Weirauch,2014,25215497,,SequenceIdentity,True,Ensembl,http://www.ensembl.org/,2018,Dec,8
2622,T167981_2.00,F169_2.00,TS12_2.00,M01916_2.00,MS64_2.00,ENSG00000099364,FBXL19,Homo_sapiens,I,CxxC,zf-CXXC,1,0.7,pTH8570,PBM,Zoo_01,PBM,Weirauch,2014,25215497,,SequenceIdentity,True,Ensembl,http://www.ensembl.org/,2018,Dec,8
2623,T167982_2.00,F169_2.00,TS12_2.00,M01912_2.00,MS64_2.00,ENSG00000118058,KMT2A,Homo_sapiens,D,CxxC,zf-CXXC,1,0.7,pTH7031,PBM,Zoo_01,PBM,Weirauch,2014,25215497,,SequenceIdentity,True,Ensembl,http://www.ensembl.org/,2018,Dec,8
2624,T167983_2.00,F169_2.00,TS12_2.00,M01913_2.00,MS64_2.00,ENSG00000130816,DNMT1,Homo_sapiens,D,CxxC,zf-CXXC,1,0.7,pTH7029,PBM,Zoo_01,PBM,Weirauch,2014,25215497,,SequenceIdentity,True,Ensembl,http://www.ensembl.org/,2018,Dec,8
2625,T167984_2.00,F169_2.00,TS12_2.00,M01914_2.00,MS64_2.00,ENSG00000138336,TET1,Homo_sapiens,D,CxxC,zf-CXXC,1,0.7,pTH9605,PBM,Zoo_01,PBM,Weirauch,2014,25215497,,SequenceIdentity,True,Ensembl,http://www.ensembl.org/,2018,Dec,8
2628,T167986_2.00,F169_2.00,TS12_2.00,M01210_2.00,MS57_2.00,ENSG00000168772,CXXC4,Homo_sapiens,I,CxxC,zf-CXXC,1,0.7,pTH11216,PBM,TF_Evolution,PBM,Lambert,2019,,,SequenceIdentity,True,Ensembl,http://www.ensembl.org/,2018,Dec,8
2629,T167987_2.00,F169_2.00,TS12_2.00,M01210_2.00,MS57_2.00,ENSG00000171604,CXXC5,Homo_sapiens,D,CxxC,zf-CXXC,1,0.7,pTH11216,PBM,TF_Evolution,PBM,Lambert,2019,,,SequenceIdentity,True,Ensembl,http://www.ensembl.org/,2018,Dec,8
2630,T167988_2.00,F169_2.00,TS12_2.00,M01915_2.00,MS64_2.00,ENSG00000173120,KDM2A,Homo_sapiens,I,CxxC,zf-CXXC,1,0.7,pTH9212,PBM,Zoo_01,PBM,Weirauch,2014,25215497,,SequenceIdentity,True,Ensembl,http://www.ensembl.org/,2018,Dec,8
2631,T167989_2.00,F169_2.00,TS12_2.00,M01210_2.00,MS57_2.00,ENSG00000187605,TET3,Homo_sapiens,I,CxxC,zf-CXXC,1,0.7,pTH11216,PBM,TF_Evolution,PBM,Lambert,2019,,,SequenceIdentity,True,Ensembl,http://www.ensembl.org/,2018,Dec,8
2633,T169046_2.00,F170_2.00,TS12_2.00,M01927_2.00,MS64_2.00,ENSG00000064218,DMRT3,Homo_sapiens,D,DM,DM,1,0.845304522384436,pTH9188,PBM,Zoo_01,PBM,Weirauch,2014,25215497,,SimilarityRegression,False,Ensembl,http://www.ensembl.org/,2018,Dec,8
2637,T169047_2.00,F170_2.00,TS12_2.00,M01928_2.00,MS64_2.00,ENSG00000137090,DMRT1,Homo_sapiens,D,DM,DM,1,0.845304522384436,pTH9197,PBM,Zoo_01,PBM,Weirauch,2014,25215497,,SimilarityRegression,False,Ensembl,http://www.ensembl.org/,2018,Dec,8
2638,T169047_2.00,F170_2.00,TS12_2.00,M01929_2.00,MS64_2.00,ENSG00000137090,DMRT1,Homo_sapiens,D,DM,DM,1,0.845304522384436,pTH9446,PBM,Zoo_01,PBM,Weirauch,2014,25215497,,SimilarityRegression,False,Ensembl,http://www.ensembl.org/,2018,Dec,8
2650,T169049_2.00,F170_2.00,TS12_2.00,M01930_2.00,MS64_2.00,ENSG00000142700,DMRTA2,Homo_sapiens,D,DM,DM,1,0.845304522384436,pTH9198,PBM,Zoo_01,PBM,Weirauch,2014,25215497,,SimilarityRegression,False,Ensembl,http://www.ensembl.org/,2018,Dec,8
2655,T169051_2.00,F170_2.00,TS12_2.00,M01931_2.00,MS64_2.00,ENSG00000173253,DMRT2,Homo_sapiens,D,DM,DM,1,0.845304522384436,pTH9189,PBM,Zoo_01,PBM,Weirauch,2014,25215497,,SimilarityRegression,False,Ensembl,http://www.ensembl.org/,2018,Dec,8
2660,T172615_2.00,F174_2.00,TS12_2.00,M01961_2.00,MS64_2.00,ENSG00000007968,E2F2,Homo_sapiens,D,E2F,E2F_TDP,1,0.428571428571,pTH9195,PBM,Zoo_01,PBM,Weirauch,2014,25215497,,SequenceIdentity,False,Ensembl,http://www.ensembl.org/,2018,Dec,8
2974,T176137_2.00,F180_2.00,TS12_2.00,M01477_2.00,MS60_2.00,ENSG00000253831,ETV3L,Homo_sapiens,I,Ets,Ets,1,0.717430627666105,Etv3,PBM,Wei10,PBM,Wei,2010,20517297,,SimilarityRegression,False,Ensembl,http://www.ensembl.org/,2018,Dec,8
2991,T185760_2.00,F196_2.00,TS12_2.00,M01227_2.00,MS57_2.00,ENSG00000053254,FOXN3,Homo_sapiens,D,Forkhead,Forkhead,1,0.663506654180558,pTH11266,PBM,TF_Evolution,PBM,Lambert,2019,,,SimilarityRegression,False,Ensembl,http://www.ensembl.org/,2018,Dec,8
2992,T185761_2.00,F196_2.00,TS12_2.00,M00253_2.00,MS04_2.00,ENSG00000054598,FOXC1,Homo_sapiens,D,Forkhead,Forkhead,1,0.663506654180558,FOXC1_F112S,PBM,Barrera2016,PBM,Barrera,2016,27013732,,SimilarityRegression,False,Ensembl,http://www.ensembl.org/,2018,Dec,8
2993,T185761_2.00,F196_2.00,TS12_2.00,M00254_2.00,MS04_2.00,ENSG00000054598,FOXC1,Homo_sapiens,D,Forkhead,Forkhead,1,0.663506654180558,FOXC1_I126M,PBM,Barrera2016,PBM,Barrera,2016,27013732,,SimilarityRegression,False,Ensembl,http://www.ensembl.org/,2018,Dec,8
2994,T185761_2.00,F196_2.00,TS12_2.00,M00255_2.00,MS04_2.00,ENSG00000054598,FOXC1,Homo_sapiens,D,Forkhead,Forkhead,1,0.663506654180558,FOXC1_L130F,PBM,Barrera2016,PBM,Barrera,2016,27013732,,SimilarityRegression,False,Ensembl,http://www.ensembl.org/,2018,Dec,8
2995,T185761_2.00,F196_2.00,TS12_2.00,M00256_2.00,MS04_2.00,ENSG00000054598,FOXC1,Homo_sapiens,D,Forkhead,Forkhead,1,0.663506654180558,FOXC1_P79L,PBM,Barrera2016,PBM,Barrera,2016,27013732,,SimilarityRegression,False,Ensembl,http://www.ensembl.org/,2018,Dec,8
2996,T185761_2.00,F196_2.00,TS12_2.00,M00257_2.00,MS04_2.00,ENSG00000054598,FOXC1,Homo_sapiens,D,Forkhead,Forkhead,1,0.663506654180558,FOXC1_REF,PBM,Barrera2016,PBM,Barrera,2016,27013732,,SimilarityRegression,False,Ensembl,http://www.ensembl.org/,2018,Dec,8
2997,T185761_2.00,F196_2.00,TS12_2.00,M00258_2.00,MS04_2.00,ENSG00000054598,FOXC1,Homo_sapiens,D,Forkhead,Forkhead,1,0.663506654180558,FOXC1_S131L,PBM,Barrera2016,PBM,Barrera,2016,27013732,,SimilarityRegression,False,Ensembl,http://www.ensembl.org/,2018,Dec,8
2998,T185761_2.00,F196_2.00,TS12_2.00,M00259_2.00,MS04_2.00,ENSG00000054598,FOXC1,Homo_sapiens,D,Forkhead,Forkhead,1,0.663506654180558,FOXC1_S82T,PBM,Barrera2016,PBM,Barrera,2016,27013732,,SimilarityRegression,False,Ensembl,http://www.ensembl.org/,2018,Dec,8
3021,T185766_2.00,F196_2.00,TS12_2.00,M00836_2.00,MS20_2.00,ENSG00000114861,FOXP1,Homo_sapiens,D,Forkhead,Forkhead,1,0.663506654180558,pEX0123,PBM,FOXP1_2011,PBM,Gabut,2011,21924763,,SimilarityRegression,False,Ensembl,http://www.ensembl.org/,2018,Dec,8
3022,T185766_2.00,F196_2.00,TS12_2.00,M00837_2.00,MS20_2.00,ENSG00000114861,FOXP1,Homo_sapiens,D,Forkhead,Forkhead,1,0.663506654180558,pEX0124,PBM,FOXP1_2011,PBM,Gabut,2011,21924763,,SimilarityRegression,False,Ensembl,http://www.ensembl.org/,2018,Dec,8
3023,T185766_2.00,F196_2.00,TS12_2.00,M00838_2.00,MS20_2.00,ENSG00000114861,FOXP1,Homo_sapiens,D,Forkhead,Forkhead,1,0.663506654180558,pEX0125,PBM,FOXP1_2011,PBM,Gabut,2011,21924763,,SimilarityRegression,False,Ensembl,http://www.ensembl.org/,2018,Dec,8
3024,T185766_2.00,F196_2.00,TS12_2.00,M00839_2.00,MS20_2.00,ENSG00000114861,FOXP1,Homo_sapiens,D,Forkhead,Forkhead,1,0.663506654180558,pEX0126,PBM,FOXP1_2011,PBM,Gabut,2011,21924763,,SimilarityRegression,False,Ensembl,http://www.ensembl.org/,2018,Dec,8
3025,T185766_2.00,F196_2.00,TS12_2.00,M01976_2.00,MS64_2.00,ENSG00000114861,FOXP1,Homo_sapiens,D,Forkhead,Forkhead,1,0.663506654180558,pTH5656,PBM,Zoo_01,PBM,Weirauch,2014,25215497,,SimilarityRegression,False,Ensembl,http://www.ensembl.org/,2018,Dec,8
3073,T185772_2.00,F196_2.00,TS12_2.00,M00793_2.00,MS17_2.00,ENSG00000137166,FOXP4,Homo_sapiens,I,Forkhead,Forkhead,1,0.663506654180558,pTH3855,PBM,DREAM_contest,PBM,Weirauch,2013,23354101,,SimilarityRegression,False,Ensembl,http://www.ensembl.org/,2018,Dec,8
3076,T185774_2.00,F196_2.00,TS12_2.00,M01011_2.00,MS44_2.00,ENSG00000139445,FOXN4,Homo_sapiens,I,Forkhead,Forkhead,1,0.663506654180558,Foxn4,PBM,Nakagawa2013,PBM,Nakagawa,2013,23836653,,SimilarityRegression,False,Ensembl,http://www.ensembl.org/,2018,Dec,8
3095,T185779_2.00,F196_2.00,TS12_2.00,M01977_2.00,MS64_2.00,ENSG00000164916,FOXK1,Homo_sapiens,D,Forkhead,Forkhead,1,0.663506654180558,pTH6108,PBM,Zoo_01,PBM,Weirauch,2014,25215497,,SimilarityRegression,False,Ensembl,http://www.ensembl.org/,2018,Dec,8
3116,T185783_2.00,F196_2.00,TS12_2.00,M01007_2.00,MS44_2.00,ENSG00000170802,FOXN2,Homo_sapiens,D,Forkhead,Forkhead,1,0.663506654180558,FOXN2,PBM,Nakagawa2013,PBM,Nakagawa,2013,23836653,,SimilarityRegression,False,Ensembl,http://www.ensembl.org/,2018,Dec,8
3125,T185785_2.00,F196_2.00,TS12_2.00,M01978_2.00,MS64_2.00,ENSG00000176165,FOXG1,Homo_sapiens,D,Forkhead,Forkhead,1,0.663506654180558,pTH5501,PBM,Zoo_01,PBM,Weirauch,2014,25215497,,SimilarityRegression,False,Ensembl,http://www.ensembl.org/,2018,Dec,8
3130,T185786_2.00,F196_2.00,TS12_2.00,M01008_2.00,MS44_2.00,ENSG00000176302,FOXR1,Homo_sapiens,D,Forkhead,Forkhead,1,0.663506654180558,FOXR1,PBM,Nakagawa2013,PBM,Nakagawa,2013,23836653,,SimilarityRegression,False,Ensembl,http://www.ensembl.org/,2018,Dec,8
3144,T185790_2.00,F196_2.00,TS12_2.00,M00164_2.00,MS02_2.00,ENSG00000179772,FOXS1,Homo_sapiens,I,Forkhead,Forkhead,1,0.663506654180558,Foxl1_2809,PBM,Badis09,PBM,Badis,2009,19443739,,SimilarityRegression,False,Ensembl,http://www.ensembl.org/,2018,Dec,8
3187,T185803_2.00,F196_2.00,TS12_2.00,M01983_2.00,MS64_2.00,ENSG00000204612,FOXB2,Homo_sapiens,I,Forkhead,Forkhead,1,0.663506654180558,pTH2808,PBM,Zoo_01,PBM,Weirauch,2014,25215497,,SimilarityRegression,False,Ensembl,http://www.ensembl.org/,2018,Dec,8
3266,T197997_2.00,F212_2.00,TS12_2.00,M02020_2.00,MS64_2.00,ENSG00000137270,GCM1,Homo_sapiens,D,GCM,GCM,1,0.607142857143,pTH7965,PBM,Zoo_01,PBM,Weirauch,2014,25215497,,SequenceIdentity,False,Ensembl,http://www.ensembl.org/,2018,Dec,8
3311,T209764_2.00,F223_2.00,TS12_2.00,M00260_2.00,MS04_2.00,ENSG00000004848,ARX,Homo_sapiens,D,Homeodomain,Homeobox,1,0.598692764790911,ARX_L343Q,PBM,Barrera2016,PBM,Barrera,2016,27013732,,SimilarityRegression,False,Ensembl,http://www.ensembl.org/,2018,Dec,8
3312,T209764_2.00,F223_2.00,TS12_2.00,M00261_2.00,MS04_2.00,ENSG00000004848,ARX,Homo_sapiens,D,Homeodomain,Homeobox,1,0.598692764790911,ARX_P353L,PBM,Barrera2016,PBM,Barrera,2016,27013732,,SimilarityRegression,False,Ensembl,http://www.ensembl.org/,2018,Dec,8
3313,T209764_2.00,F223_2.00,TS12_2.00,M00262_2.00,MS04_2.00,ENSG00000004848,ARX,Homo_sapiens,D,Homeodomain,Homeobox,1,0.598692764790911,ARX_P353R,PBM,Barrera2016,PBM,Barrera,2016,27013732,,SimilarityRegression,False,Ensembl,http://www.ensembl.org/,2018,Dec,8
3314,T209764_2.00,F223_2.00,TS12_2.00,M00263_2.00,MS04_2.00,ENSG00000004848,ARX,Homo_sapiens,D,Homeodomain,Homeobox,1,0.598692764790911,ARX_R332H,PBM,Barrera2016,PBM,Barrera,2016,27013732,,SimilarityRegression,False,Ensembl,http://www.ensembl.org/,2018,Dec,8
3315,T209764_2.00,F223_2.00,TS12_2.00,M00264_2.00,MS04_2.00,ENSG00000004848,ARX,Homo_sapiens,D,Homeodomain,Homeobox,1,0.598692764790911,ARX_REF,PBM,Barrera2016,PBM,Barrera,2016,27013732,,SimilarityRegression,False,Ensembl,http://www.ensembl.org/,2018,Dec,8
3316,T209764_2.00,F223_2.00,TS12_2.00,M00265_2.00,MS04_2.00,ENSG00000004848,ARX,Homo_sapiens,D,Homeodomain,Homeobox,1,0.598692764790911,ARX_T333N,PBM,Barrera2016,PBM,Barrera,2016,27013732,,SimilarityRegression,False,Ensembl,http://www.ensembl.org/,2018,Dec,8
3354,T209773_2.00,F223_2.00,TS12_2.00,M01503_2.00,MS61_2.00,ENSG00000064195,DLX3,Homo_sapiens,D,Homeodomain,Homeobox,1,0.598692764790911,DLX3_5mCG,PBM,Yin2017b,PBM,Yin,2017b,28473536,,SimilarityRegression,False,Ensembl,http://www.ensembl.org/,2018,Dec,8
3355,T209773_2.00,F223_2.00,TS12_2.00,M01504_2.00,MS61_2.00,ENSG00000064195,DLX3,Homo_sapiens,D,Homeodomain,Homeobox,1,0.598692764790911,DLX3_Cytosine,PBM,Yin2017b,PBM,Yin,2017b,28473536,,SimilarityRegression,False,Ensembl,http://www.ensembl.org/,2018,Dec,8
3393,T209778_2.00,F223_2.00,TS12_2.00,M00266_2.00,MS04_2.00,ENSG00000100987,VSX1,Homo_sapiens,D,Homeodomain,Homeobox,1,0.598692764790911,VSX1_G160D,PBM,Barrera2016,PBM,Barrera,2016,27013732,,SimilarityRegression,False,Ensembl,http://www.ensembl.org/,2018,Dec,8
3394,T209778_2.00,F223_2.00,TS12_2.00,M00267_2.00,MS04_2.00,ENSG00000100987,VSX1,Homo_sapiens,D,Homeodomain,Homeobox,1,0.598692764790911,VSX1_Q175H,PBM,Barrera2016,PBM,Barrera,2016,27013732,,SimilarityRegression,False,Ensembl,http://www.ensembl.org/,2018,Dec,8
3395,T209778_2.00,F223_2.00,TS12_2.00,M00268_2.00,MS04_2.00,ENSG00000100987,VSX1,Homo_sapiens,D,Homeodomain,Homeobox,1,0.598692764790911,VSX1_R166Q,PBM,Barrera2016,PBM,Barrera,2016,27013732,,SimilarityRegression,False,Ensembl,http://www.ensembl.org/,2018,Dec,8
3396,T209778_2.00,F223_2.00,TS12_2.00,M00269_2.00,MS04_2.00,ENSG00000100987,VSX1,Homo_sapiens,D,Homeodomain,Homeobox,1,0.598692764790911,VSX1_REF,PBM,Barrera2016,PBM,Barrera,2016,27013732,,SimilarityRegression,False,Ensembl,http://www.ensembl.org/,2018,Dec,8
3414,T209782_2.00,F223_2.00,TS12_2.00,M00270_2.00,MS04_2.00,ENSG00000105392,CRX,Homo_sapiens,D,Homeodomain,Homeobox,1,0.598692764790911,CRX_E80A,PBM,Barrera2016,PBM,Barrera,2016,27013732,,SimilarityRegression,False,Ensembl,http://www.ensembl.org/,2018,Dec,8
3415,T209782_2.00,F223_2.00,TS12_2.00,M00271_2.00,MS04_2.00,ENSG00000105392,CRX,Homo_sapiens,D,Homeodomain,Homeobox,1,0.598692764790911,CRX_R41Q,PBM,Barrera2016,PBM,Barrera,2016,27013732,,SimilarityRegression,False,Ensembl,http://www.ensembl.org/,2018,Dec,8
3416,T209782_2.00,F223_2.00,TS12_2.00,M00272_2.00,MS04_2.00,ENSG00000105392,CRX,Homo_sapiens,D,Homeodomain,Homeobox,1,0.598692764790911,CRX_R41W,PBM,Barrera2016,PBM,Barrera,2016,27013732,,SimilarityRegression,False,Ensembl,http://www.ensembl.org/,2018,Dec,8
3417,T209782_2.00,F223_2.00,TS12_2.00,M00273_2.00,MS04_2.00,ENSG00000105392,CRX,Homo_sapiens,D,Homeodomain,Homeobox,1,0.598692764790911,CRX_R90W,PBM,Barrera2016,PBM,Barrera,2016,27013732,,SimilarityRegression,False,Ensembl,http://www.ensembl.org/,2018,Dec,8
3418,T209782_2.00,F223_2.00,TS12_2.00,M00274_2.00,MS04_2.00,ENSG00000105392,CRX,Homo_sapiens,D,Homeodomain,Homeobox,1,0.598692764790911,CRX_REF,PBM,Barrera2016,PBM,Barrera,2016,27013732,,SimilarityRegression,False,Ensembl,http://www.ensembl.org/,2018,Dec,8
3419,T209782_2.00,F223_2.00,TS12_2.00,M00275_2.00,MS04_2.00,ENSG00000105392,CRX,Homo_sapiens,D,Homeodomain,Homeobox,1,0.598692764790911,CRX_V66I,PBM,Barrera2016,PBM,Barrera,2016,27013732,,SimilarityRegression,False,Ensembl,http://www.ensembl.org/,2018,Dec,8
3429,T209784_2.00,F223_2.00,TS12_2.00,M00276_2.00,MS04_2.00,ENSG00000105717,PBX4,Homo_sapiens,D,Homeodomain,Homeobox,1,0.598692764790911,PBX4_R215Q,PBM,Barrera2016,PBM,Barrera,2016,27013732,,SimilarityRegression,False,Ensembl,http://www.ensembl.org/,2018,Dec,8
3430,T209784_2.00,F223_2.00,TS12_2.00,M00277_2.00,MS04_2.00,ENSG00000105717,PBX4,Homo_sapiens,D,Homeodomain,Homeobox,1,0.598692764790911,PBX4_REF,PBM,Barrera2016,PBM,Barrera,2016,27013732,,SimilarityRegression,False,Ensembl,http://www.ensembl.org/,2018,Dec,8
3445,T209787_2.00,F223_2.00,TS12_2.00,M02083_2.00,MS64_2.00,ENSG00000105996,HOXA2,Homo_sapiens,D,Homeodomain,Homeobox,1,0.598692764790911,pTH5887,PBM,Zoo_01,PBM,Weirauch,2014,25215497,,SimilarityRegression,False,Ensembl,http://www.ensembl.org/,2018,Dec,8
3484,T209793_2.00,F223_2.00,TS12_2.00,M02084_2.00,MS64_2.00,ENSG00000106410,NOBOX,Homo_sapiens,D,Homeodomain,Homeobox,1,0.598692764790911,pTH6448,PBM,Zoo_01,PBM,Weirauch,2014,25215497,,SimilarityRegression,False,Ensembl,http://www.ensembl.org/,2018,Dec,8
3493,T209795_2.00,F223_2.00,TS12_2.00,M02085_2.00,MS64_2.00,ENSG00000106689,LHX2,Homo_sapiens,D,Homeodomain,Homeobox,1,0.598692764790911,pTH5812,PBM,Zoo_01,PBM,Weirauch,2014,25215497,,SimilarityRegression,False,Ensembl,http://www.ensembl.org/,2018,Dec,8
3499,T209796_2.00,F223_2.00,TS12_2.00,M02086_2.00,MS64_2.00,ENSG00000106852,LHX6,Homo_sapiens,D,Homeodomain,Homeobox,1,0.598692764790911,pTH6556,PBM,Zoo_01,PBM,Weirauch,2014,25215497,,SimilarityRegression,False,Ensembl,http://www.ensembl.org/,2018,Dec,8
3530,T209802_2.00,F223_2.00,TS12_2.00,M00278_2.00,MS04_2.00,ENSG00000109132,PHOX2B,Homo_sapiens,D,Homeodomain,Homeobox,1,0.598692764790911,PHOX2B_Q143R,PBM,Barrera2016,PBM,Barrera,2016,27013732,,SimilarityRegression,False,Ensembl,http://www.ensembl.org/,2018,Dec,8
3531,T209802_2.00,F223_2.00,TS12_2.00,M00279_2.00,MS04_2.00,ENSG00000109132,PHOX2B,Homo_sapiens,D,Homeodomain,Homeobox,1,0.598692764790911,PHOX2B_R100L,PBM,Barrera2016,PBM,Barrera,2016,27013732,,SimilarityRegression,False,Ensembl,http://www.ensembl.org/,2018,Dec,8
3532,T209802_2.00,F223_2.00,TS12_2.00,M00280_2.00,MS04_2.00,ENSG00000109132,PHOX2B,Homo_sapiens,D,Homeodomain,Homeobox,1,0.598692764790911,PHOX2B_R141G,PBM,Barrera2016,PBM,Barrera,2016,27013732,,SimilarityRegression,False,Ensembl,http://www.ensembl.org/,2018,Dec,8
3533,T209802_2.00,F223_2.00,TS12_2.00,M00281_2.00,MS04_2.00,ENSG00000109132,PHOX2B,Homo_sapiens,D,Homeodomain,Homeobox,1,0.598692764790911,PHOX2B_R141Q,PBM,Barrera2016,PBM,Barrera,2016,27013732,,SimilarityRegression,False,Ensembl,http://www.ensembl.org/,2018,Dec,8
3534,T209802_2.00,F223_2.00,TS12_2.00,M00282_2.00,MS04_2.00,ENSG00000109132,PHOX2B,Homo_sapiens,D,Homeodomain,Homeobox,1,0.598692764790911,PHOX2B_REF,PBM,Barrera2016,PBM,Barrera,2016,27013732,,SimilarityRegression,False,Ensembl,http://www.ensembl.org/,2018,Dec,8
3546,T209804_2.00,F223_2.00,TS12_2.00,M00451_2.00,MS06_2.00,ENSG00000109851,DBX1,Homo_sapiens,I,Homeodomain,Homeobox,1,0.598692764790911,Dbx1_3486,PBM,Berger08,PBM,Berger,2008,18585359,,SimilarityRegression,False,Ensembl,http://www.ensembl.org/,2018,Dec,8
3557,T209806_2.00,F223_2.00,TS12_2.00,M00416_2.00,MS06_2.00,ENSG00000113430,IRX4,Homo_sapiens,I,Homeodomain,Homeobox,1,0.598692764790911,Irx4_2242,PBM,Berger08,PBM,Berger,2008,18585359,,SimilarityRegression,False,Ensembl,http://www.ensembl.org/,2018,Dec,8
3564,T209808_2.00,F223_2.00,TS12_2.00,M02087_2.00,MS64_2.00,ENSG00000115297,TLX2,Homo_sapiens,D,Homeodomain,Homeobox,1,0.598692764790911,pTH6482,PBM,Zoo_01,PBM,Weirauch,2014,25215497,,SimilarityRegression,False,Ensembl,http://www.ensembl.org/,2018,Dec,8
3581,T209811_2.00,F223_2.00,TS12_2.00,M00283_2.00,MS04_2.00,ENSG00000116035,VAX2,Homo_sapiens,D,Homeodomain,Homeobox,1,0.598692764790911,VAX2_L139M,PBM,Barrera2016,PBM,Barrera,2016,27013732,,SimilarityRegression,False,Ensembl,http://www.ensembl.org/,2018,Dec,8
3582,T209811_2.00,F223_2.00,TS12_2.00,M00284_2.00,MS04_2.00,ENSG00000116035,VAX2,Homo_sapiens,D,Homeodomain,Homeobox,1,0.598692764790911,VAX2_REF,PBM,Barrera2016,PBM,Barrera,2016,27013732,,SimilarityRegression,False,Ensembl,http://www.ensembl.org/,2018,Dec,8
3595,T209814_2.00,F223_2.00,TS12_2.00,M00285_2.00,MS04_2.00,ENSG00000119614,VSX2,Homo_sapiens,D,Homeodomain,Homeobox,1,0.598692764790911,VSX2_R200P,PBM,Barrera2016,PBM,Barrera,2016,27013732,,SimilarityRegression,False,Ensembl,http://www.ensembl.org/,2018,Dec,8
3596,T209814_2.00,F223_2.00,TS12_2.00,M00286_2.00,MS04_2.00,ENSG00000119614,VSX2,Homo_sapiens,D,Homeodomain,Homeobox,1,0.598692764790911,VSX2_R200Q,PBM,Barrera2016,PBM,Barrera,2016,27013732,,SimilarityRegression,False,Ensembl,http://www.ensembl.org/,2018,Dec,8
3597,T209814_2.00,F223_2.00,TS12_2.00,M00287_2.00,MS04_2.00,ENSG00000119614,VSX2,Homo_sapiens,D,Homeodomain,Homeobox,1,0.598692764790911,VSX2_REF,PBM,Barrera2016,PBM,Barrera,2016,27013732,,SimilarityRegression,False,Ensembl,http://www.ensembl.org/,2018,Dec,8
3627,T209820_2.00,F223_2.00,TS12_2.00,M00288_2.00,MS04_2.00,ENSG00000120149,MSX2,Homo_sapiens,D,Homeodomain,Homeobox,1,0.598692764790911,MSX2_P148H,PBM,Barrera2016,PBM,Barrera,2016,27013732,,SimilarityRegression,False,Ensembl,http://www.ensembl.org/,2018,Dec,8
3628,T209820_2.00,F223_2.00,TS12_2.00,M00289_2.00,MS04_2.00,ENSG00000120149,MSX2,Homo_sapiens,D,Homeodomain,Homeobox,1,0.598692764790911,MSX2_R172H,PBM,Barrera2016,PBM,Barrera,2016,27013732,,SimilarityRegression,False,Ensembl,http://www.ensembl.org/,2018,Dec,8
3629,T209820_2.00,F223_2.00,TS12_2.00,M00290_2.00,MS04_2.00,ENSG00000120149,MSX2,Homo_sapiens,D,Homeodomain,Homeobox,1,0.598692764790911,MSX2_REF,PBM,Barrera2016,PBM,Barrera,2016,27013732,,SimilarityRegression,False,Ensembl,http://www.ensembl.org/,2018,Dec,8
3671,T209826_2.00,F223_2.00,TS12_2.00,M00291_2.00,MS04_2.00,ENSG00000123576,ESX1,Homo_sapiens,D,Homeodomain,Homeobox,1,0.598692764790911,ESX1_K193R,PBM,Barrera2016,PBM,Barrera,2016,27013732,,SimilarityRegression,False,Ensembl,http://www.ensembl.org/,2018,Dec,8
3672,T209826_2.00,F223_2.00,TS12_2.00,M00292_2.00,MS04_2.00,ENSG00000123576,ESX1,Homo_sapiens,D,Homeodomain,Homeobox,1,0.598692764790911,ESX1_REF,PBM,Barrera2016,PBM,Barrera,2016,27013732,,SimilarityRegression,False,Ensembl,http://www.ensembl.org/,2018,Dec,8
3682,T209828_2.00,F223_2.00,TS12_2.00,M00385_2.00,MS06_2.00,ENSG00000125816,NKX2-4,Homo_sapiens,I,Homeodomain,Homeobox,1,0.598692764790911,Titf1_1722,PBM,Berger08,PBM,Berger,2008,18585359,,SimilarityRegression,False,Ensembl,http://www.ensembl.org/,2018,Dec,8
3723,T209836_2.00,F223_2.00,TS12_2.00,M00293_2.00,MS04_2.00,ENSG00000128714,HOXD13,Homo_sapiens,D,Homeodomain,Homeobox,1,0.598692764790911,HOXD13_I297V,PBM,Barrera2016,PBM,Barrera,2016,27013732,,SimilarityRegression,False,Ensembl,http://www.ensembl.org/,2018,Dec,8
3724,T209836_2.00,F223_2.00,TS12_2.00,M00294_2.00,MS04_2.00,ENSG00000128714,HOXD13,Homo_sapiens,D,Homeodomain,Homeobox,1,0.598692764790911,HOXD13_I322L,PBM,Barrera2016,PBM,Barrera,2016,27013732,,SimilarityRegression,False,Ensembl,http://www.ensembl.org/,2018,Dec,8
3725,T209836_2.00,F223_2.00,TS12_2.00,M00295_2.00,MS04_2.00,ENSG00000128714,HOXD13,Homo_sapiens,D,Homeodomain,Homeobox,1,0.598692764790911,HOXD13_N298S,PBM,Barrera2016,PBM,Barrera,2016,27013732,,SimilarityRegression,False,Ensembl,http://www.ensembl.org/,2018,Dec,8
3726,T209836_2.00,F223_2.00,TS12_2.00,M00296_2.00,MS04_2.00,ENSG00000128714,HOXD13,Homo_sapiens,D,Homeodomain,Homeobox,1,0.598692764790911,HOXD13_Q325K,PBM,Barrera2016,PBM,Barrera,2016,27013732,,SimilarityRegression,False,Ensembl,http://www.ensembl.org/,2018,Dec,8
3727,T209836_2.00,F223_2.00,TS12_2.00,M00297_2.00,MS04_2.00,ENSG00000128714,HOXD13,Homo_sapiens,D,Homeodomain,Homeobox,1,0.598692764790911,HOXD13_Q325R,PBM,Barrera2016,PBM,Barrera,2016,27013732,,SimilarityRegression,False,Ensembl,http://www.ensembl.org/,2018,Dec,8
3728,T209836_2.00,F223_2.00,TS12_2.00,M00298_2.00,MS04_2.00,ENSG00000128714,HOXD13,Homo_sapiens,D,Homeodomain,Homeobox,1,0.598692764790911,HOXD13_R306W,PBM,Barrera2016,PBM,Barrera,2016,27013732,,SimilarityRegression,False,Ensembl,http://www.ensembl.org/,2018,Dec,8
3729,T209836_2.00,F223_2.00,TS12_2.00,M00299_2.00,MS04_2.00,ENSG00000128714,HOXD13,Homo_sapiens,D,Homeodomain,Homeobox,1,0.598692764790911,HOXD13_REF,PBM,Barrera2016,PBM,Barrera,2016,27013732,,SimilarityRegression,False,Ensembl,http://www.ensembl.org/,2018,Dec,8
3730,T209836_2.00,F223_2.00,TS12_2.00,M00300_2.00,MS04_2.00,ENSG00000128714,HOXD13,Homo_sapiens,D,Homeodomain,Homeobox,1,0.598692764790911,HOXD13_S316C,PBM,Barrera2016,PBM,Barrera,2016,27013732,,SimilarityRegression,False,Ensembl,http://www.ensembl.org/,2018,Dec,8
3773,T209845_2.00,F223_2.00,TS12_2.00,M02088_2.00,MS64_2.00,ENSG00000135638,EMX1,Homo_sapiens,D,Homeodomain,Homeobox,1,0.598692764790911,pTH5677,PBM,Zoo_01,PBM,Weirauch,2014,25215497,,SimilarityRegression,False,Ensembl,http://www.ensembl.org/,2018,Dec,8
3780,T209846_2.00,F223_2.00,TS12_2.00,M00301_2.00,MS04_2.00,ENSG00000136327,NKX2-8,Homo_sapiens,D,Homeodomain,Homeobox,1,0.598692764790911,NKX2-8_A94T,PBM,Barrera2016,PBM,Barrera,2016,27013732,,SimilarityRegression,False,Ensembl,http://www.ensembl.org/,2018,Dec,8
3781,T209846_2.00,F223_2.00,TS12_2.00,M00302_2.00,MS04_2.00,ENSG00000136327,NKX2-8,Homo_sapiens,D,Homeodomain,Homeobox,1,0.598692764790911,NKX2-8_REF,PBM,Barrera2016,PBM,Barrera,2016,27013732,,SimilarityRegression,False,Ensembl,http://www.ensembl.org/,2018,Dec,8
3792,T209848_2.00,F223_2.00,TS12_2.00,M02089_2.00,MS64_2.00,ENSG00000136367,ZFHX2,Homo_sapiens,D,Homeodomain,Homeobox,1,0.598692764790911,pTH5642,PBM,Zoo_01,PBM,Weirauch,2014,25215497,,SimilarityRegression,False,Ensembl,http://www.ensembl.org/,2018,Dec,8
3793,T209849_2.00,F223_2.00,TS12_2.00,M00485_2.00,MS06_2.00,ENSG00000136630,HLX,Homo_sapiens,I,Homeodomain,Homeobox,1,0.598692764790911,Hlx1_2350,PBM,Berger08,PBM,Berger,2008,18585359,,SimilarityRegression,False,Ensembl,http://www.ensembl.org/,2018,Dec,8
3805,T209852_2.00,F223_2.00,TS12_2.00,M02090_2.00,MS64_2.00,ENSG00000138136,LBX1,Homo_sapiens,D,Homeodomain,Homeobox,1,0.598692764790911,pTH6404,PBM,Zoo_01,PBM,Weirauch,2014,25215497,,SimilarityRegression,False,Ensembl,http://www.ensembl.org/,2018,Dec,8
3834,T209855_2.00,F223_2.00,TS12_2.00,M01505_2.00,MS61_2.00,ENSG00000143355,LHX9,Homo_sapiens,D,Homeodomain,Homeobox,1,0.598692764790911,LHX9_5mCG,PBM,Yin2017b,PBM,Yin,2017b,28473536,,SimilarityRegression,False,Ensembl,http://www.ensembl.org/,2018,Dec,8
3835,T209855_2.00,F223_2.00,TS12_2.00,M01506_2.00,MS61_2.00,ENSG00000143355,LHX9,Homo_sapiens,D,Homeodomain,Homeobox,1,0.598692764790911,LHX9_Cytosine,PBM,Yin2017b,PBM,Yin,2017b,28473536,,SimilarityRegression,False,Ensembl,http://www.ensembl.org/,2018,Dec,8
3865,T209862_2.00,F223_2.00,TS12_2.00,M00303_2.00,MS04_2.00,ENSG00000151650,VENTX,Homo_sapiens,D,Homeodomain,Homeobox,1,0.598692764790911,VENTX_E101K,PBM,Barrera2016,PBM,Barrera,2016,27013732,,SimilarityRegression,False,Ensembl,http://www.ensembl.org/,2018,Dec,8
3866,T209862_2.00,F223_2.00,TS12_2.00,M00304_2.00,MS04_2.00,ENSG00000151650,VENTX,Homo_sapiens,D,Homeodomain,Homeobox,1,0.598692764790911,VENTX_R143C,PBM,Barrera2016,PBM,Barrera,2016,27013732,,SimilarityRegression,False,Ensembl,http://www.ensembl.org/,2018,Dec,8
3867,T209862_2.00,F223_2.00,TS12_2.00,M00305_2.00,MS04_2.00,ENSG00000151650,VENTX,Homo_sapiens,D,Homeodomain,Homeobox,1,0.598692764790911,VENTX_REF,PBM,Barrera2016,PBM,Barrera,2016,27013732,,SimilarityRegression,False,Ensembl,http://www.ensembl.org/,2018,Dec,8
3868,T209862_2.00,F223_2.00,TS12_2.00,M02091_2.00,MS64_2.00,ENSG00000151650,VENTX,Homo_sapiens,D,Homeodomain,Homeobox,1,0.598692764790911,pTH5490,PBM,Zoo_01,PBM,Weirauch,2014,25215497,,SimilarityRegression,False,Ensembl,http://www.ensembl.org/,2018,Dec,8
3874,T209863_2.00,F223_2.00,TS12_2.00,M02184_2.00,MS64_2.00,ENSG00000152804,HHEX,Homo_sapiens,I,Homeodomain,Homeobox,1,0.598692764790911,pTH6423,PBM,Zoo_01,PBM,Weirauch,2014,25215497,,SimilarityRegression,False,Ensembl,http://www.ensembl.org/,2018,Dec,8
3889,T209866_2.00,F223_2.00,TS12_2.00,M02092_2.00,MS64_2.00,ENSG00000159184,HOXB13,Homo_sapiens,D,Homeodomain,Homeobox,1,0.598692764790911,pTH5808,PBM,Zoo_01,PBM,Weirauch,2014,25215497,,SimilarityRegression,False,Ensembl,http://www.ensembl.org/,2018,Dec,8
3941,T209875_2.00,F223_2.00,TS12_2.00,M00306_2.00,MS04_2.00,ENSG00000163666,HESX1,Homo_sapiens,D,Homeodomain,Homeobox,1,0.598692764790911,HESX1_E149K,PBM,Barrera2016,PBM,Barrera,2016,27013732,,SimilarityRegression,False,Ensembl,http://www.ensembl.org/,2018,Dec,8
3942,T209875_2.00,F223_2.00,TS12_2.00,M00307_2.00,MS04_2.00,ENSG00000163666,HESX1,Homo_sapiens,D,Homeodomain,Homeobox,1,0.598692764790911,HESX1_N125S,PBM,Barrera2016,PBM,Barrera,2016,27013732,,SimilarityRegression,False,Ensembl,http://www.ensembl.org/,2018,Dec,8
3943,T209875_2.00,F223_2.00,TS12_2.00,M00308_2.00,MS04_2.00,ENSG00000163666,HESX1,Homo_sapiens,D,Homeodomain,Homeobox,1,0.598692764790911,HESX1_R160C,PBM,Barrera2016,PBM,Barrera,2016,27013732,,SimilarityRegression,False,Ensembl,http://www.ensembl.org/,2018,Dec,8
3944,T209875_2.00,F223_2.00,TS12_2.00,M00309_2.00,MS04_2.00,ENSG00000163666,HESX1,Homo_sapiens,D,Homeodomain,Homeobox,1,0.598692764790911,HESX1_REF,PBM,Barrera2016,PBM,Barrera,2016,27013732,,SimilarityRegression,False,Ensembl,http://www.ensembl.org/,2018,Dec,8
3949,T209876_2.00,F223_2.00,TS12_2.00,M00310_2.00,MS04_2.00,ENSG00000164093,PITX2,Homo_sapiens,D,Homeodomain,Homeobox,1,0.598692764790911,PITX2_L100Q,PBM,Barrera2016,PBM,Barrera,2016,27013732,,SimilarityRegression,False,Ensembl,http://www.ensembl.org/,2018,Dec,8
3950,T209876_2.00,F223_2.00,TS12_2.00,M00311_2.00,MS04_2.00,ENSG00000164093,PITX2,Homo_sapiens,D,Homeodomain,Homeobox,1,0.598692764790911,PITX2_R108H,PBM,Barrera2016,PBM,Barrera,2016,27013732,,SimilarityRegression,False,Ensembl,http://www.ensembl.org/,2018,Dec,8
3951,T209876_2.00,F223_2.00,TS12_2.00,M00312_2.00,MS04_2.00,ENSG00000164093,PITX2,Homo_sapiens,D,Homeodomain,Homeobox,1,0.598692764790911,PITX2_R130W,PBM,Barrera2016,PBM,Barrera,2016,27013732,,SimilarityRegression,False,Ensembl,http://www.ensembl.org/,2018,Dec,8
3952,T209876_2.00,F223_2.00,TS12_2.00,M00313_2.00,MS04_2.00,ENSG00000164093,PITX2,Homo_sapiens,D,Homeodomain,Homeobox,1,0.598692764790911,PITX2_REF,PBM,Barrera2016,PBM,Barrera,2016,27013732,,SimilarityRegression,False,Ensembl,http://www.ensembl.org/,2018,Dec,8
3953,T209876_2.00,F223_2.00,TS12_2.00,M00314_2.00,MS04_2.00,ENSG00000164093,PITX2,Homo_sapiens,D,Homeodomain,Homeobox,1,0.598692764790911,PITX2_T114P,PBM,Barrera2016,PBM,Barrera,2016,27013732,,SimilarityRegression,False,Ensembl,http://www.ensembl.org/,2018,Dec,8
3977,T209882_2.00,F223_2.00,TS12_2.00,M02093_2.00,MS64_2.00,ENSG00000165156,ZHX1,Homo_sapiens,D,Homeodomain,Homeobox,1,0.598692764790911,pTH5688,PBM,Zoo_01,PBM,Weirauch,2014,25215497,,SimilarityRegression,False,Ensembl,http://www.ensembl.org/,2018,Dec,8
3978,T209883_2.00,F223_2.00,TS12_2.00,M01246_2.00,MS57_2.00,ENSG00000165259,HDX,Homo_sapiens,D,Homeodomain,Homeobox,1,0.598692764790911,pTH11271,PBM,TF_Evolution,PBM,Lambert,2019,,,SimilarityRegression,False,Ensembl,http://www.ensembl.org/,2018,Dec,8
4071,T209902_2.00,F223_2.00,TS12_2.00,M00417_2.00,MS06_2.00,ENSG00000171540,OTP,Homo_sapiens,I,Homeodomain,Homeobox,1,0.598692764790911,Otp_3496,PBM,Berger08,PBM,Berger,2008,18585359,,SimilarityRegression,False,Ensembl,http://www.ensembl.org/,2018,Dec,8
4072,T209903_2.00,F223_2.00,TS12_2.00,M00422_2.00,MS06_2.00,ENSG00000172789,HOXC5,Homo_sapiens,I,Homeodomain,Homeobox,1,0.598692764790911,Hoxc5_2630,PBM,Berger08,PBM,Berger,2008,18585359,,SimilarityRegression,False,Ensembl,http://www.ensembl.org/,2018,Dec,8
4085,T209908_2.00,F223_2.00,TS12_2.00,M00315_2.00,MS04_2.00,ENSG00000175325,PROP1,Homo_sapiens,D,Homeodomain,Homeobox,1,0.598692764790911,PROP1_R112Q,PBM,Barrera2016,PBM,Barrera,2016,27013732,,SimilarityRegression,False,Ensembl,http://www.ensembl.org/,2018,Dec,8
4086,T209908_2.00,F223_2.00,TS12_2.00,M00316_2.00,MS04_2.00,ENSG00000175325,PROP1,Homo_sapiens,D,Homeodomain,Homeobox,1,0.598692764790911,PROP1_R99Q,PBM,Barrera2016,PBM,Barrera,2016,27013732,,SimilarityRegression,False,Ensembl,http://www.ensembl.org/,2018,Dec,8
4087,T209908_2.00,F223_2.00,TS12_2.00,M00317_2.00,MS04_2.00,ENSG00000175325,PROP1,Homo_sapiens,D,Homeodomain,Homeobox,1,0.598692764790911,PROP1_REF,PBM,Barrera2016,PBM,Barrera,2016,27013732,,SimilarityRegression,False,Ensembl,http://www.ensembl.org/,2018,Dec,8
4097,T209909_2.00,F223_2.00,TS12_2.00,M00318_2.00,MS04_2.00,ENSG00000175329,ISX,Homo_sapiens,D,Homeodomain,Homeobox,1,0.598692764790911,ISX_R83Q,PBM,Barrera2016,PBM,Barrera,2016,27013732,,SimilarityRegression,False,Ensembl,http://www.ensembl.org/,2018,Dec,8
4098,T209909_2.00,F223_2.00,TS12_2.00,M00319_2.00,MS04_2.00,ENSG00000175329,ISX,Homo_sapiens,D,Homeodomain,Homeobox,1,0.598692764790911,ISX_REF,PBM,Barrera2016,PBM,Barrera,2016,27013732,,SimilarityRegression,False,Ensembl,http://www.ensembl.org/,2018,Dec,8
4129,T209917_2.00,F223_2.00,TS12_2.00,M00271_2.00,MS04_2.00,ENSG00000178928,TPRX1,Homo_sapiens,I,Homeodomain,Homeobox,1,0.598692764790911,CRX_R41Q,PBM,Barrera2016,PBM,Barrera,2016,27013732,,SimilarityRegression,False,Ensembl,http://www.ensembl.org/,2018,Dec,8
4138,T209919_2.00,F223_2.00,TS12_2.00,M00496_2.00,MS06_2.00,ENSG00000180053,NKX2-6,Homo_sapiens,I,Homeodomain,Homeobox,1,0.598692764790911,Nkx2-6_3437,PBM,Berger08,PBM,Berger,2008,18585359,,SimilarityRegression,False,Ensembl,http://www.ensembl.org/,2018,Dec,8
4167,T209925_2.00,F223_2.00,TS12_2.00,M00320_2.00,MS04_2.00,ENSG00000183072,NKX2-5,Homo_sapiens,D,Homeodomain,Homeobox,1,0.598692764790911,NKX2-5_K183E,PBM,Barrera2016,PBM,Barrera,2016,27013732,,SimilarityRegression,False,Ensembl,http://www.ensembl.org/,2018,Dec,8
4168,T209925_2.00,F223_2.00,TS12_2.00,M00321_2.00,MS04_2.00,ENSG00000183072,NKX2-5,Homo_sapiens,D,Homeodomain,Homeobox,1,0.598692764790911,NKX2-5_R161P,PBM,Barrera2016,PBM,Barrera,2016,27013732,,SimilarityRegression,False,Ensembl,http://www.ensembl.org/,2018,Dec,8
4169,T209925_2.00,F223_2.00,TS12_2.00,M00322_2.00,MS04_2.00,ENSG00000183072,NKX2-5,Homo_sapiens,D,Homeodomain,Homeobox,1,0.598692764790911,NKX2-5_R190C,PBM,Barrera2016,PBM,Barrera,2016,27013732,,SimilarityRegression,False,Ensembl,http://www.ensembl.org/,2018,Dec,8
4170,T209925_2.00,F223_2.00,TS12_2.00,M00323_2.00,MS04_2.00,ENSG00000183072,NKX2-5,Homo_sapiens,D,Homeodomain,Homeobox,1,0.598692764790911,NKX2-5_REF,PBM,Barrera2016,PBM,Barrera,2016,27013732,,SimilarityRegression,False,Ensembl,http://www.ensembl.org/,2018,Dec,8
4171,T209925_2.00,F223_2.00,TS12_2.00,M00324_2.00,MS04_2.00,ENSG00000183072,NKX2-5,Homo_sapiens,D,Homeodomain,Homeobox,1,0.598692764790911,NKX2-5_T178M,PBM,Barrera2016,PBM,Barrera,2016,27013732,,SimilarityRegression,False,Ensembl,http://www.ensembl.org/,2018,Dec,8
4172,T209925_2.00,F223_2.00,TS12_2.00,M01507_2.00,MS61_2.00,ENSG00000183072,NKX2-5,Homo_sapiens,D,Homeodomain,Homeobox,1,0.598692764790911,NKX2.5_5mCG,PBM,Yin2017b,PBM,Yin,2017b,28473536,,SimilarityRegression,False,Ensembl,http://www.ensembl.org/,2018,Dec,8
4173,T209925_2.00,F223_2.00,TS12_2.00,M01508_2.00,MS61_2.00,ENSG00000183072,NKX2-5,Homo_sapiens,D,Homeodomain,Homeobox,1,0.598692764790911,NKX2.5_Cytosine,PBM,Yin2017b,PBM,Yin,2017b,28473536,,SimilarityRegression,False,Ensembl,http://www.ensembl.org/,2018,Dec,8
4182,T209926_2.00,F223_2.00,TS12_2.00,M02094_2.00,MS64_2.00,ENSG00000184271,POU6F1,Homo_sapiens,D,Homeodomain,Homeobox,1,0.598692764790911,pTH6519,PBM,Zoo_01,PBM,Weirauch,2014,25215497,,SimilarityRegression,False,Ensembl,http://www.ensembl.org/,2018,Dec,8
4192,T209927_2.00,F223_2.00,TS12_2.00,M00325_2.00,MS04_2.00,ENSG00000184302,SIX6,Homo_sapiens,D,Homeodomain,Homeobox,1,0.598692764790911,SIX6_H141N,PBM,Barrera2016,PBM,Barrera,2016,27013732,,SimilarityRegression,False,Ensembl,http://www.ensembl.org/,2018,Dec,8
4193,T209927_2.00,F223_2.00,TS12_2.00,M00326_2.00,MS04_2.00,ENSG00000184302,SIX6,Homo_sapiens,D,Homeodomain,Homeobox,1,0.598692764790911,SIX6_REF,PBM,Barrera2016,PBM,Barrera,2016,27013732,,SimilarityRegression,False,Ensembl,http://www.ensembl.org/,2018,Dec,8
4194,T209927_2.00,F223_2.00,TS12_2.00,M00327_2.00,MS04_2.00,ENSG00000184302,SIX6,Homo_sapiens,D,Homeodomain,Homeobox,1,0.598692764790911,SIX6_T165A,PBM,Barrera2016,PBM,Barrera,2016,27013732,,SimilarityRegression,False,Ensembl,http://www.ensembl.org/,2018,Dec,8
4202,T209929_2.00,F223_2.00,TS12_2.00,M00499_2.00,MS06_2.00,ENSG00000185610,DBX2,Homo_sapiens,I,Homeodomain,Homeobox,1,0.598692764790911,Dbx2_3487,PBM,Berger08,PBM,Berger,2008,18585359,,SimilarityRegression,False,Ensembl,http://www.ensembl.org/,2018,Dec,8
4216,T209931_2.00,F223_2.00,TS12_2.00,M02095_2.00,MS64_2.00,ENSG00000185960,SHOX,Homo_sapiens,D,Homeodomain,Homeobox,1,0.598692764790911,pTH5805,PBM,Zoo_01,PBM,Weirauch,2014,25215497,,SimilarityRegression,False,Ensembl,http://www.ensembl.org/,2018,Dec,8
4243,T209938_2.00,F223_2.00,TS12_2.00,M00392_2.00,MS06_2.00,ENSG00000197757,HOXC6,Homo_sapiens,I,Homeodomain,Homeobox,1,0.598692764790911,Hoxc6_3954,PBM,Berger08,PBM,Berger,2008,18585359,,SimilarityRegression,False,Ensembl,http://www.ensembl.org/,2018,Dec,8
4244,T209939_2.00,F223_2.00,TS12_2.00,M00328_2.00,MS04_2.00,ENSG00000198353,HOXC4,Homo_sapiens,D,Homeodomain,Homeobox,1,0.598692764790911,HOXC4_N178S,PBM,Barrera2016,PBM,Barrera,2016,27013732,,SimilarityRegression,False,Ensembl,http://www.ensembl.org/,2018,Dec,8
4245,T209939_2.00,F223_2.00,TS12_2.00,M00329_2.00,MS04_2.00,ENSG00000198353,HOXC4,Homo_sapiens,D,Homeodomain,Homeobox,1,0.598692764790911,HOXC4_R158L,PBM,Barrera2016,PBM,Barrera,2016,27013732,,SimilarityRegression,False,Ensembl,http://www.ensembl.org/,2018,Dec,8
4246,T209939_2.00,F223_2.00,TS12_2.00,M00330_2.00,MS04_2.00,ENSG00000198353,HOXC4,Homo_sapiens,D,Homeodomain,Homeobox,1,0.598692764790911,HOXC4_REF,PBM,Barrera2016,PBM,Barrera,2016,27013732,,SimilarityRegression,False,Ensembl,http://www.ensembl.org/,2018,Dec,8
4258,T209944_2.00,F223_2.00,TS12_2.00,M01509_2.00,MS61_2.00,ENSG00000212993,POU5F1B,Homo_sapiens,D,Homeodomain,Homeobox,1,0.598692764790911,POU5F1_5mCG,PBM,Yin2017b,PBM,Yin,2017b,28473536,,SimilarityRegression,False,Ensembl,http://www.ensembl.org/,2018,Dec,8
4259,T209944_2.00,F223_2.00,TS12_2.00,M01510_2.00,MS61_2.00,ENSG00000212993,POU5F1B,Homo_sapiens,D,Homeodomain,Homeobox,1,0.598692764790911,POU5F1_Cytosine,PBM,Yin2017b,PBM,Yin,2017b,28473536,,SimilarityRegression,False,Ensembl,http://www.ensembl.org/,2018,Dec,8
4270,T209949_2.00,F223_2.00,TS12_2.00,M02096_2.00,MS64_2.00,ENSG00000227059,ANHX,Homo_sapiens,D,Homeodomain,Homeobox,1,0.598692764790911,pTH5972,PBM,Zoo_01,PBM,Weirauch,2014,25215497,,SimilarityRegression,False,Ensembl,http://www.ensembl.org/,2018,Dec,8
4271,T209950_2.00,F223_2.00,TS12_2.00,M00503_2.00,MS06_2.00,ENSG00000229544,NKX1-2,Homo_sapiens,I,Homeodomain,Homeobox,1,0.598692764790911,Nkx1-2_3214,PBM,Berger08,PBM,Berger,2008,18585359,,SimilarityRegression,False,Ensembl,http://www.ensembl.org/,2018,Dec,8
4272,T209951_2.00,F223_2.00,TS12_2.00,M00442_2.00,MS06_2.00,ENSG00000235608,NKX1-1,Homo_sapiens,I,Homeodomain,Homeobox,1,0.598692764790911,Nkx1-1_3856,PBM,Berger08,PBM,Berger,2008,18585359,,SimilarityRegression,False,Ensembl,http://www.ensembl.org/,2018,Dec,8
4282,T209954_2.00,F223_2.00,TS12_2.00,M01247_2.00,MS57_2.00,ENSG00000258873,DUXA,Homo_sapiens,D,Homeodomain,Homeobox,1,0.598692764790911,pTH11226,PBM,TF_Evolution,PBM,Lambert,2019,,,SimilarityRegression,False,Ensembl,http://www.ensembl.org/,2018,Dec,8
4287,T209955_2.00,F223_2.00,TS12_2.00,M00331_2.00,MS04_2.00,ENSG00000260027,HOXB7,Homo_sapiens,D,Homeodomain,Homeobox,1,0.598692764790911,HOXB7_K191R,PBM,Barrera2016,PBM,Barrera,2016,27013732,,SimilarityRegression,False,Ensembl,http://www.ensembl.org/,2018,Dec,8
4288,T209955_2.00,F223_2.00,TS12_2.00,M00332_2.00,MS04_2.00,ENSG00000260027,HOXB7,Homo_sapiens,D,Homeodomain,Homeobox,1,0.598692764790911,HOXB7_M190L,PBM,Barrera2016,PBM,Barrera,2016,27013732,,SimilarityRegression,False,Ensembl,http://www.ensembl.org/,2018,Dec,8
4289,T209955_2.00,F223_2.00,TS12_2.00,M00333_2.00,MS04_2.00,ENSG00000260027,HOXB7,Homo_sapiens,D,Homeodomain,Homeobox,1,0.598692764790911,HOXB7_R189C,PBM,Barrera2016,PBM,Barrera,2016,27013732,,SimilarityRegression,False,Ensembl,http://www.ensembl.org/,2018,Dec,8
4290,T209955_2.00,F223_2.00,TS12_2.00,M00334_2.00,MS04_2.00,ENSG00000260027,HOXB7,Homo_sapiens,D,Homeodomain,Homeobox,1,0.598692764790911,HOXB7_REF,PBM,Barrera2016,PBM,Barrera,2016,27013732,,SimilarityRegression,False,Ensembl,http://www.ensembl.org/,2018,Dec,8
4303,T209958_2.00,F223_2.00,TS12_2.00,M02097_2.00,MS64_2.00,ENSG00000274529,SEBOX,Homo_sapiens,I,Homeodomain,Homeobox,1,0.598692764790911,pTH6379,PBM,Zoo_01,PBM,Weirauch,2014,25215497,,SimilarityRegression,False,Ensembl,http://www.ensembl.org/,2018,Dec,8
4310,T237339_2.00,F230_2.00,TS12_2.00,M00335_2.00,MS04_2.00,ENSG00000007372,PAX6,Homo_sapiens,D,"Homeodomain,Paired box","Homeobox,PAX",2,0.7,PAX6_A79E,PBM,Barrera2016,PBM,Barrera,2016,27013732,,SequenceIdentity,True,Ensembl,http://www.ensembl.org/,2018,Dec,8
4311,T237339_2.00,F230_2.00,TS12_2.00,M00336_2.00,MS04_2.00,ENSG00000007372,PAX6,Homo_sapiens,D,"Homeodomain,Paired box","Homeobox,PAX",2,0.7,PAX6_F258S,PBM,Barrera2016,PBM,Barrera,2016,27013732,,SequenceIdentity,True,Ensembl,http://www.ensembl.org/,2018,Dec,8
4312,T237339_2.00,F230_2.00,TS12_2.00,M00337_2.00,MS04_2.00,ENSG00000007372,PAX6,Homo_sapiens,D,"Homeodomain,Paired box","Homeobox,PAX",2,0.7,PAX6_P118R,PBM,Barrera2016,PBM,Barrera,2016,27013732,,SequenceIdentity,True,Ensembl,http://www.ensembl.org/,2018,Dec,8
4313,T237339_2.00,F230_2.00,TS12_2.00,M00338_2.00,MS04_2.00,ENSG00000007372,PAX6,Homo_sapiens,D,"Homeodomain,Paired box","Homeobox,PAX",2,0.7,PAX6_P68S,PBM,Barrera2016,PBM,Barrera,2016,27013732,,SequenceIdentity,True,Ensembl,http://www.ensembl.org/,2018,Dec,8
4314,T237339_2.00,F230_2.00,TS12_2.00,M00339_2.00,MS04_2.00,ENSG00000007372,PAX6,Homo_sapiens,D,"Homeodomain,Paired box","Homeobox,PAX",2,0.7,PAX6_R128C,PBM,Barrera2016,PBM,Barrera,2016,27013732,,SequenceIdentity,True,Ensembl,http://www.ensembl.org/,2018,Dec,8
4315,T237339_2.00,F230_2.00,TS12_2.00,M00340_2.00,MS04_2.00,ENSG00000007372,PAX6,Homo_sapiens,D,"Homeodomain,Paired box","Homeobox,PAX",2,0.7,PAX6_R242T,PBM,Barrera2016,PBM,Barrera,2016,27013732,,SequenceIdentity,True,Ensembl,http://www.ensembl.org/,2018,Dec,8
4316,T237339_2.00,F230_2.00,TS12_2.00,M00341_2.00,MS04_2.00,ENSG00000007372,PAX6,Homo_sapiens,D,"Homeodomain,Paired box","Homeobox,PAX",2,0.7,PAX6_R26G,PBM,Barrera2016,PBM,Barrera,2016,27013732,,SequenceIdentity,True,Ensembl,http://www.ensembl.org/,2018,Dec,8
4317,T237339_2.00,F230_2.00,TS12_2.00,M00342_2.00,MS04_2.00,ENSG00000007372,PAX6,Homo_sapiens,D,"Homeodomain,Paired box","Homeobox,PAX",2,0.7,PAX6_REF,PBM,Barrera2016,PBM,Barrera,2016,27013732,,SequenceIdentity,True,Ensembl,http://www.ensembl.org/,2018,Dec,8
4318,T237339_2.00,F230_2.00,TS12_2.00,M00343_2.00,MS04_2.00,ENSG00000007372,PAX6,Homo_sapiens,D,"Homeodomain,Paired box","Homeobox,PAX",2,0.7,PAX6_S119R,PBM,Barrera2016,PBM,Barrera,2016,27013732,,SequenceIdentity,True,Ensembl,http://www.ensembl.org/,2018,Dec,8
4319,T237339_2.00,F230_2.00,TS12_2.00,M00344_2.00,MS04_2.00,ENSG00000007372,PAX6,Homo_sapiens,D,"Homeodomain,Paired box","Homeobox,PAX",2,0.7,PAX6_V126D,PBM,Barrera2016,PBM,Barrera,2016,27013732,,SequenceIdentity,True,Ensembl,http://www.ensembl.org/,2018,Dec,8
4329,T237340_2.00,F230_2.00,TS12_2.00,M00345_2.00,MS04_2.00,ENSG00000009709,PAX7,Homo_sapiens,D,"Homeodomain,Paired box","Homeobox,PAX",2,0.7,PAX7_P112L,PBM,Barrera2016,PBM,Barrera,2016,27013732,,SequenceIdentity,True,Ensembl,http://www.ensembl.org/,2018,Dec,8
4330,T237340_2.00,F230_2.00,TS12_2.00,M00346_2.00,MS04_2.00,ENSG00000009709,PAX7,Homo_sapiens,D,"Homeodomain,Paired box","Homeobox,PAX",2,0.7,PAX7_REF,PBM,Barrera2016,PBM,Barrera,2016,27013732,,SequenceIdentity,True,Ensembl,http://www.ensembl.org/,2018,Dec,8
4352,T237342_2.00,F230_2.00,TS12_2.00,M00347_2.00,MS04_2.00,ENSG00000106331,PAX4,Homo_sapiens,D,"Homeodomain,Paired box","Homeobox,PAX",2,0.7,PAX4_R183C,PBM,Barrera2016,PBM,Barrera,2016,27013732,,SequenceIdentity,True,Ensembl,http://www.ensembl.org/,2018,Dec,8
4353,T237342_2.00,F230_2.00,TS12_2.00,M00348_2.00,MS04_2.00,ENSG00000106331,PAX4,Homo_sapiens,D,"Homeodomain,Paired box","Homeobox,PAX",2,0.7,PAX4_R192H,PBM,Barrera2016,PBM,Barrera,2016,27013732,,SequenceIdentity,True,Ensembl,http://www.ensembl.org/,2018,Dec,8
4354,T237342_2.00,F230_2.00,TS12_2.00,M00349_2.00,MS04_2.00,ENSG00000106331,PAX4,Homo_sapiens,D,"Homeodomain,Paired box","Homeobox,PAX",2,0.7,PAX4_R192S,PBM,Barrera2016,PBM,Barrera,2016,27013732,,SequenceIdentity,True,Ensembl,http://www.ensembl.org/,2018,Dec,8
4355,T237342_2.00,F230_2.00,TS12_2.00,M00350_2.00,MS04_2.00,ENSG00000106331,PAX4,Homo_sapiens,D,"Homeodomain,Paired box","Homeobox,PAX",2,0.7,PAX4_REF,PBM,Barrera2016,PBM,Barrera,2016,27013732,,SequenceIdentity,True,Ensembl,http://www.ensembl.org/,2018,Dec,8
4356,T237342_2.00,F230_2.00,TS12_2.00,M00351_2.00,MS04_2.00,ENSG00000106331,PAX4,Homo_sapiens,D,"Homeodomain,Paired box","Homeobox,PAX",2,0.7,PAX4_REF_R3,PBM,Barrera2016,PBM,Barrera,2016,27013732,,SequenceIdentity,True,Ensembl,http://www.ensembl.org/,2018,Dec,8
4374,T237343_2.00,F230_2.00,TS12_2.00,M00352_2.00,MS04_2.00,ENSG00000135903,PAX3,Homo_sapiens,D,"Homeodomain,Paired box","Homeobox,PAX",2,0.7,PAX3_G48R,PBM,Barrera2016,PBM,Barrera,2016,27013732,,SequenceIdentity,True,Ensembl,http://www.ensembl.org/,2018,Dec,8
4375,T237343_2.00,F230_2.00,TS12_2.00,M00353_2.00,MS04_2.00,ENSG00000135903,PAX3,Homo_sapiens,D,"Homeodomain,Paired box","Homeobox,PAX",2,0.7,PAX3_N47H,PBM,Barrera2016,PBM,Barrera,2016,27013732,,SequenceIdentity,True,Ensembl,http://www.ensembl.org/,2018,Dec,8
4376,T237343_2.00,F230_2.00,TS12_2.00,M00354_2.00,MS04_2.00,ENSG00000135903,PAX3,Homo_sapiens,D,"Homeodomain,Paired box","Homeobox,PAX",2,0.7,PAX3_N47K,PBM,Barrera2016,PBM,Barrera,2016,27013732,,SequenceIdentity,True,Ensembl,http://www.ensembl.org/,2018,Dec,8
4377,T237343_2.00,F230_2.00,TS12_2.00,M00355_2.00,MS04_2.00,ENSG00000135903,PAX3,Homo_sapiens,D,"Homeodomain,Paired box","Homeobox,PAX",2,0.7,PAX3_P50L,PBM,Barrera2016,PBM,Barrera,2016,27013732,,SequenceIdentity,True,Ensembl,http://www.ensembl.org/,2018,Dec,8
4378,T237343_2.00,F230_2.00,TS12_2.00,M00356_2.00,MS04_2.00,ENSG00000135903,PAX3,Homo_sapiens,D,"Homeodomain,Paired box","Homeobox,PAX",2,0.7,PAX3_R270C,PBM,Barrera2016,PBM,Barrera,2016,27013732,,SequenceIdentity,True,Ensembl,http://www.ensembl.org/,2018,Dec,8
4379,T237343_2.00,F230_2.00,TS12_2.00,M00357_2.00,MS04_2.00,ENSG00000135903,PAX3,Homo_sapiens,D,"Homeodomain,Paired box","Homeobox,PAX",2,0.7,PAX3_R56L,PBM,Barrera2016,PBM,Barrera,2016,27013732,,SequenceIdentity,True,Ensembl,http://www.ensembl.org/,2018,Dec,8
4380,T237343_2.00,F230_2.00,TS12_2.00,M00358_2.00,MS04_2.00,ENSG00000135903,PAX3,Homo_sapiens,D,"Homeodomain,Paired box","Homeobox,PAX",2,0.7,PAX3_REF,PBM,Barrera2016,PBM,Barrera,2016,27013732,,SequenceIdentity,True,Ensembl,http://www.ensembl.org/,2018,Dec,8
4381,T237343_2.00,F230_2.00,TS12_2.00,M00359_2.00,MS04_2.00,ENSG00000135903,PAX3,Homo_sapiens,D,"Homeodomain,Paired box","Homeobox,PAX",2,0.7,PAX3_Y90H,PBM,Barrera2016,PBM,Barrera,2016,27013732,,SequenceIdentity,True,Ensembl,http://www.ensembl.org/,2018,Dec,8
4427,T238190_2.00,F231_2.00,TS12_2.00,M00360_2.00,MS04_2.00,ENSG00000091010,POU4F3,Homo_sapiens,D,"Homeodomain,POU","Homeobox,Pou",2,0.993464052288,POU4F3_L289F,PBM,Barrera2016,PBM,Barrera,2016,27013732,,SequenceIdentity,False,Ensembl,http://www.ensembl.org/,2018,Dec,8
4428,T238190_2.00,F231_2.00,TS12_2.00,M00361_2.00,MS04_2.00,ENSG00000091010,POU4F3,Homo_sapiens,D,"Homeodomain,POU","Homeobox,Pou",2,0.993464052288,POU4F3_REF,PBM,Barrera2016,PBM,Barrera,2016,27013732,,SequenceIdentity,False,Ensembl,http://www.ensembl.org/,2018,Dec,8
4439,T238191_2.00,F231_2.00,TS12_2.00,M00362_2.00,MS04_2.00,ENSG00000106536,POU6F2,Homo_sapiens,D,"Homeodomain,POU","Homeobox,Pou",2,0.993464052288,POU6F2_E639K,PBM,Barrera2016,PBM,Barrera,2016,27013732,,SequenceIdentity,False,Ensembl,http://www.ensembl.org/,2018,Dec,8
4440,T238191_2.00,F231_2.00,TS12_2.00,M00363_2.00,MS04_2.00,ENSG00000106536,POU6F2,Homo_sapiens,D,"Homeodomain,POU","Homeobox,Pou",2,0.993464052288,POU6F2_REF,PBM,Barrera2016,PBM,Barrera,2016,27013732,,SequenceIdentity,False,Ensembl,http://www.ensembl.org/,2018,Dec,8
4449,T238193_2.00,F231_2.00,TS12_2.00,M00377_2.00,MS05_2.00,ENSG00000143190,POU2F1,Homo_sapiens,D,"Homeodomain,POU","Homeobox,Pou",2,0.993464052288,Oct-1,PBM,Berger06,PBM,Berger,2006,16998473,,SequenceIdentity,False,Ensembl,http://www.ensembl.org/,2018,Dec,8
4508,T238198_2.00,F231_2.00,TS12_2.00,M00364_2.00,MS04_2.00,ENSG00000196767,POU3F4,Homo_sapiens,D,"Homeodomain,POU","Homeobox,Pou",2,0.993464052288,POU3F4_A312V,PBM,Barrera2016,PBM,Barrera,2016,27013732,,SequenceIdentity,False,Ensembl,http://www.ensembl.org/,2018,Dec,8
4509,T238198_2.00,F231_2.00,TS12_2.00,M00365_2.00,MS04_2.00,ENSG00000196767,POU3F4,Homo_sapiens,D,"Homeodomain,POU","Homeobox,Pou",2,0.993464052288,POU3F4_R323G,PBM,Barrera2016,PBM,Barrera,2016,27013732,,SequenceIdentity,False,Ensembl,http://www.ensembl.org/,2018,Dec,8
4510,T238198_2.00,F231_2.00,TS12_2.00,M00366_2.00,MS04_2.00,ENSG00000196767,POU3F4,Homo_sapiens,D,"Homeodomain,POU","Homeobox,Pou",2,0.993464052288,POU3F4_REF,PBM,Barrera2016,PBM,Barrera,2016,27013732,,SequenceIdentity,False,Ensembl,http://www.ensembl.org/,2018,Dec,8
4647,T248289_2.00,F251_2.00,TS12_2.00,M01259_2.00,MS57_2.00,ENSG00000066697,MSANTD3,Homo_sapiens,D,MADF,MADF_DNA_bdg,1,0.811570024539192,pTH11241,PBM,TF_Evolution,PBM,Lambert,2019,,,SimilarityRegression,False,Ensembl,http://www.ensembl.org/,2018,Dec,8
4648,T248290_2.00,F251_2.00,TS12_2.00,M01260_2.00,MS57_2.00,ENSG00000171169,NAIF1,Homo_sapiens,I,MADF,MADF_DNA_bdg,1,0.811570024539192,pTH9808,PBM,TF_Evolution,PBM,Lambert,2019,,,SimilarityRegression,False,Ensembl,http://www.ensembl.org/,2018,Dec,8
4725,T269574_2.00,F266_2.00,TS12_2.00,M01272_2.00,MS57_2.00,ENSG00000036549,ZZZ3,Homo_sapiens,D,Myb/SANT,Myb_DNA-binding,1,0.660512459559739,pTH11249,PBM,TF_Evolution,PBM,Lambert,2019,,,SimilarityRegression,False,Ensembl,http://www.ensembl.org/,2018,Dec,8
4742,T269579_2.00,F266_2.00,TS12_2.00,M02323_2.00,MS64_2.00,ENSG00000132604,TERF2,Homo_sapiens,I,Myb/SANT,Myb_DNA-binding,1,0.660512459559739,pTH7805,PBM,Zoo_01,PBM,Weirauch,2014,25215497,,SimilarityRegression,False,Ensembl,http://www.ensembl.org/,2018,Dec,8
4748,T269585_2.00,F266_2.00,TS12_2.00,M00808_2.00,MS17_2.00,ENSG00000176182,MYPOP,Homo_sapiens,I,Myb/SANT,Myb_DNA-binding,1,0.660512459559739,pTH3456,PBM,DREAM_contest,PBM,Weirauch,2013,23354101,,SimilarityRegression,False,Ensembl,http://www.ensembl.org/,2018,Dec,8
4754,T299765_2.00,F275_2.00,TS12_2.00,M02385_2.00,MS64_2.00,ENSG00000124920,MYRF,Homo_sapiens,D,Ndt80/PhoG,NDT80_PhoG,1,0.7,pTH9310,PBM,Zoo_01,PBM,Weirauch,2014,25215497,,SequenceIdentity,True,Ensembl,http://www.ensembl.org/,2018,Dec,8
4758,T303206_2.00,F278_2.00,TS12_2.00,M00367_2.00,MS04_2.00,ENSG00000012504,NR1H4,Homo_sapiens,D,Nuclear receptor,zf-C4,1,0.7449665182298709,NR1H4_C144R,PBM,Barrera2016,PBM,Barrera,2016,27013732,,SimilarityRegression,False,Ensembl,http://www.ensembl.org/,2018,Dec,8
4759,T303206_2.00,F278_2.00,TS12_2.00,M00368_2.00,MS04_2.00,ENSG00000012504,NR1H4,Homo_sapiens,D,Nuclear receptor,zf-C4,1,0.7449665182298709,NR1H4_REF,PBM,Barrera2016,PBM,Barrera,2016,27013732,,SimilarityRegression,False,Ensembl,http://www.ensembl.org/,2018,Dec,8
4848,T303215_2.00,F278_2.00,TS12_2.00,M02394_2.00,MS64_2.00,ENSG00000112333,NR2E1,Homo_sapiens,D,Nuclear receptor,zf-C4,1,0.7449665182298709,pTH6281,PBM,Zoo_01,PBM,Weirauch,2014,25215497,,SimilarityRegression,False,Ensembl,http://www.ensembl.org/,2018,Dec,8
4877,T303218_2.00,F278_2.00,TS12_2.00,M00818_2.00,MS17_2.00,ENSG00000119508,NR4A3,Homo_sapiens,I,Nuclear receptor,zf-C4,1,0.7449665182298709,pTH3467,PBM,DREAM_contest,PBM,Weirauch,2013,23354101,,SimilarityRegression,False,Ensembl,http://www.ensembl.org/,2018,Dec,8
4982,T303235_2.00,F278_2.00,TS12_2.00,M02395_2.00,MS64_2.00,ENSG00000151623,NR3C2,Homo_sapiens,D,Nuclear receptor,zf-C4,1,0.7449665182298709,pTH5924,PBM,Zoo_01,PBM,Weirauch,2014,25215497,,SimilarityRegression,False,Ensembl,http://www.ensembl.org/,2018,Dec,8
4996,T303237_2.00,F278_2.00,TS12_2.00,M02396_2.00,MS64_2.00,ENSG00000160113,NR2F6,Homo_sapiens,D,Nuclear receptor,zf-C4,1,0.7449665182298709,pTH6747,PBM,Zoo_01,PBM,Weirauch,2014,25215497,,SimilarityRegression,False,Ensembl,http://www.ensembl.org/,2018,Dec,8
5029,T303240_2.00,F278_2.00,TS12_2.00,M02397_2.00,MS64_2.00,ENSG00000172819,RARG,Homo_sapiens,D,Nuclear receptor,zf-C4,1,0.7449665182298709,pTH5430,PBM,Zoo_01,PBM,Weirauch,2014,25215497,,SimilarityRegression,False,Ensembl,http://www.ensembl.org/,2018,Dec,8
5137,T303251_2.00,F278_2.00,TS12_2.00,M00369_2.00,MS04_2.00,ENSG00000278570,NR2E3,Homo_sapiens,D,Nuclear receptor,zf-C4,1,0.7449665182298709,NR2E3_G56R,PBM,Barrera2016,PBM,Barrera,2016,27013732,,SimilarityRegression,False,Ensembl,http://www.ensembl.org/,2018,Dec,8
5138,T303251_2.00,F278_2.00,TS12_2.00,M00370_2.00,MS04_2.00,ENSG00000278570,NR2E3,Homo_sapiens,D,Nuclear receptor,zf-C4,1,0.7449665182298709,NR2E3_R76Q,PBM,Barrera2016,PBM,Barrera,2016,27013732,,SimilarityRegression,False,Ensembl,http://www.ensembl.org/,2018,Dec,8
5139,T303251_2.00,F278_2.00,TS12_2.00,M00371_2.00,MS04_2.00,ENSG00000278570,NR2E3,Homo_sapiens,D,Nuclear receptor,zf-C4,1,0.7449665182298709,NR2E3_R76W,PBM,Barrera2016,PBM,Barrera,2016,27013732,,SimilarityRegression,False,Ensembl,http://www.ensembl.org/,2018,Dec,8
5140,T303251_2.00,F278_2.00,TS12_2.00,M00372_2.00,MS04_2.00,ENSG00000278570,NR2E3,Homo_sapiens,D,Nuclear receptor,zf-C4,1,0.7449665182298709,NR2E3_R77Q,PBM,Barrera2016,PBM,Barrera,2016,27013732,,SimilarityRegression,False,Ensembl,http://www.ensembl.org/,2018,Dec,8
5141,T303251_2.00,F278_2.00,TS12_2.00,M00373_2.00,MS04_2.00,ENSG00000278570,NR2E3,Homo_sapiens,D,Nuclear receptor,zf-C4,1,0.7449665182298709,NR2E3_REF,PBM,Barrera2016,PBM,Barrera,2016,27013732,,SimilarityRegression,False,Ensembl,http://www.ensembl.org/,2018,Dec,8
5188,T313553_2.00,F282_2.00,TS12_2.00,M01304_2.00,MS57_2.00,ENSG00000178177,LCORL,Homo_sapiens,D,Pipsqueak,HTH_psq,1,0.777777777778,pTH11267,PBM,TF_Evolution,PBM,Lambert,2019,,,SequenceIdentity,False,Ensembl,http://www.ensembl.org/,2018,Dec,8
5189,T313554_2.00,F282_2.00,TS12_2.00,M02433_2.00,MS64_2.00,ENSG00000196233,LCOR,Homo_sapiens,I,Pipsqueak,HTH_psq,1,0.777777777778,pTH8649,PBM,Zoo_01,PBM,Weirauch,2014,25215497,,SequenceIdentity,False,Ensembl,http://www.ensembl.org/,2018,Dec,8
5194,T317166_2.00,F293_2.00,TS12_2.00,M02440_2.00,MS64_2.00,ENSG00000072736,NFATC3,Homo_sapiens,D,Rel,RHD_DNA_bind,1,0.7,pTH9192,PBM,Zoo_01,PBM,Weirauch,2014,25215497,,SequenceIdentity,True,Ensembl,http://www.ensembl.org/,2018,Dec,8
5208,T317168_2.00,F293_2.00,TS12_2.00,M01306_2.00,MS57_2.00,ENSG00000100968,NFATC4,Homo_sapiens,D,Rel,RHD_DNA_bind,1,0.7,pTH9347,PBM,TF_Evolution,PBM,Lambert,2019,,,SequenceIdentity,True,Ensembl,http://www.ensembl.org/,2018,Dec,8
5216,T317169_2.00,F293_2.00,TS12_2.00,M01511_2.00,MS61_2.00,ENSG00000101096,NFATC2,Homo_sapiens,D,Rel,RHD_DNA_bind,1,0.7,NFATC2_5mCG,PBM,Yin2017b,PBM,Yin,2017b,28473536,,SequenceIdentity,True,Ensembl,http://www.ensembl.org/,2018,Dec,8
5217,T317169_2.00,F293_2.00,TS12_2.00,M01512_2.00,MS61_2.00,ENSG00000101096,NFATC2,Homo_sapiens,D,Rel,RHD_DNA_bind,1,0.7,NFATC2_Cytosine,PBM,Yin2017b,PBM,Yin,2017b,28473536,,SequenceIdentity,True,Ensembl,http://www.ensembl.org/,2018,Dec,8
5218,T317169_2.00,F293_2.00,TS12_2.00,M02441_2.00,MS64_2.00,ENSG00000101096,NFATC2,Homo_sapiens,D,Rel,RHD_DNA_bind,1,0.7,pTH9196,PBM,Zoo_01,PBM,Weirauch,2014,25215497,,SequenceIdentity,True,Ensembl,http://www.ensembl.org/,2018,Dec,8
5291,T318247_2.00,F294_2.00,TS12_2.00,M02449_2.00,MS64_2.00,ENSG00000087903,RFX2,Homo_sapiens,D,RFX,RFX_DNA_binding,1,0.6502061722952671,pTH9194,PBM,Zoo_01,PBM,Weirauch,2014,25215497,,SimilarityRegression,False,Ensembl,http://www.ensembl.org/,2018,Dec,8
5327,T318253_2.00,F294_2.00,TS12_2.00,M02454_2.00,MS64_2.00,ENSG00000196460,RFX8,Homo_sapiens,I,RFX,RFX_DNA_binding,1,0.6502061722952671,pTH9278,PBM,Zoo_01,PBM,Weirauch,2014,25215497,,SimilarityRegression,False,Ensembl,http://www.ensembl.org/,2018,Dec,8
5370,T321714_2.00,F299_2.00,TS12_2.00,M02460_2.00,MS64_2.00,ENSG00000162419,GMEB1,Homo_sapiens,D,SAND,SAND,1,0.842616813809591,pTH9026,PBM,Zoo_01,PBM,Weirauch,2014,25215497,,SimilarityRegression,False,Ensembl,http://www.ensembl.org/,2018,Dec,8
5432,T328056_2.00,F305_2.00,TS12_2.00,M02487_2.00,MS64_2.00,ENSG00000064961,HMG20B,Homo_sapiens,I,Sox,HMG_box,1,0.414671880126347,pTH8555,PBM,Zoo_01,PBM,Weirauch,2014,25215497,,SimilarityRegression,False,Ensembl,http://www.ensembl.org/,2018,Dec,8
5433,T328057_2.00,F305_2.00,TS12_2.00,M00195_2.00,MS02_2.00,ENSG00000079432,CIC,Homo_sapiens,I,Sox,HMG_box,1,0.414671880126347,Cic_3454,PBM,Badis09,PBM,Badis,2009,19443739,,SimilarityRegression,False,Ensembl,http://www.ensembl.org/,2018,Dec,8
5462,T328063_2.00,F305_2.00,TS12_2.00,M01026_2.00,MS51_2.00,ENSG00000124766,SOX4,Homo_sapiens,D,Sox,HMG_box,1,0.414671880126347,Sox4,PBM,Scharer09,PBM,Scharer,2009,19147588,,SimilarityRegression,False,Ensembl,http://www.ensembl.org/,2018,Dec,8
5517,T328070_2.00,F305_2.00,TS12_2.00,M02487_2.00,MS64_2.00,ENSG00000140382,HMG20A,Homo_sapiens,I,Sox,HMG_box,1,0.414671880126347,pTH8555,PBM,Zoo_01,PBM,Weirauch,2014,25215497,,SimilarityRegression,False,Ensembl,http://www.ensembl.org/,2018,Dec,8
5568,T328080_2.00,F305_2.00,TS12_2.00,M00214_2.00,MS02_2.00,ENSG00000182968,SOX1,Homo_sapiens,I,Sox,HMG_box,1,0.414671880126347,Sox1_2631,PBM,Badis09,PBM,Badis,2009,19443739,,SimilarityRegression,False,Ensembl,http://www.ensembl.org/,2018,Dec,8
5698,T339899_2.00,F312_2.00,TS12_2.00,M00832_2.00,MS17_2.00,ENSG00000167800,TBX10,Homo_sapiens,I,T-box,T-box,1,0.7342735634445741,pTH3822,PBM,DREAM_contest,PBM,Weirauch,2013,23354101,,SimilarityRegression,False,Ensembl,http://www.ensembl.org/,2018,Dec,8
5715,T342321_2.00,F313_2.00,TS12_2.00,M00216_2.00,MS02_2.00,ENSG00000182521,TBPL2,Homo_sapiens,I,TBP,TBP,1,0.7,Tbp_pr781,PBM,Badis09,PBM,Badis,2009,19443739,,SequenceIdentity,True,Ensembl,http://www.ensembl.org/,2018,Dec,8
5716,T345291_2.00,F315_2.00,TS12_2.00,M02527_2.00,MS64_2.00,ENSG00000189308,LIN54,Homo_sapiens,I,TCR/CxC,TCR,1,0.660295627415969,pTH8566,PBM,Zoo_01,PBM,Weirauch,2014,25215497,,SimilarityRegression,False,Ensembl,http://www.ensembl.org/,2018,Dec,8
5746,T348349_2.00,F318_2.00,TS12_2.00,M02538_2.00,MS64_2.00,ENSG00000137492,THAP12,Homo_sapiens,D,THAP finger,THAP,1,0.7,pTH9190,PBM,Zoo_01,PBM,Weirauch,2014,25215497,,SequenceIdentity,True,Ensembl,http://www.ensembl.org/,2018,Dec,8
5785,T350245_2.00,F319_2.00,TS12_2.00,M00967_2.00,MS37_2.00,ENSG00000112511,PHF1,Homo_sapiens,D,Unknown,UNKNOWN,1,0.7,PHF1,PBM,Li2017,PBM,Li,2017,28869966,,SequenceIdentity,True,Ensembl,http://www.ensembl.org/,2018,Dec,8
5812,T350269_2.00,F319_2.00,TS12_2.00,M00968_2.00,MS37_2.00,ENSG00000143033,MTF2,Homo_sapiens,D,Unknown,UNKNOWN,1,0.7,MTF2,PBM,Li2017,PBM,Li,2017,28869966,,SequenceIdentity,True,Ensembl,http://www.ensembl.org/,2018,Dec,8
